event_id	path	split	repeat_block	event_type	start_bp	end_bp	block_offset_bp	expected_motif	observed	edit_distance	edit_script	p2_family	p3_family	token_posterior	block_confidence	cohort_signature	coordinate_system	cohort_path_count	read_evidence_rows	hq_spanning_reads	hq_supporting_reads	supporting_strands	both_strands_supported	read_support_fraction	platforms	supporting_callers	validation_status	validation_reason
EV_4e1d5ab4703b38	seq1_1.0	train	R1	motif_substitution	276	279	15	GCG	GCA	1	S3:G>A	CCG	CCG	1.00000000	high	R1|15|motif_substitution|GCG|GCA	0-based_half-open	19	0	0	0	-	0	0.00000000	-	-	assembly_only_unvalidated	no_read_evidence
EV_5958ce27705a62	seq1_1.0	train	R1	motif_substitution	279	282	18	GCG	GCA	1	S3:G>A	CCG	CCG	1.00000000	high	R1|18|motif_substitution|GCG|GCA	0-based_half-open	27	0	0	0	-	0	0.00000000	-	-	assembly_only_unvalidated	no_read_evidence
EV_4781e53a5d1027	seq1_1.0	train	R2	motif_substitution	306	309	0	CAG	CAA	1	S3:G>A	AGC	AGC	0.99999844	moderate	R2|0|motif_substitution|CAG|CAA	0-based_half-open	28	0	0	0	-	0	0.00000000	-	-	assembly_only_unvalidated	no_read_evidence
EV_d60607393240ff	seq1_1.0	train	R2	motif_substitution	312	315	6	CAG	CAA	1	S3:G>A	AGC	AGC	0.99999992	moderate	R2|6|motif_substitution|CAG|CAA	0-based_half-open	28	0	0	0	-	0	0.00000000	-	-	assembly_only_unvalidated	no_read_evidence
EV_539da8abecb8bb	seq1_1.0	train	R2	motif_substitution	318	321	12	CAG	CAA	1	S3:G>A	AGC	AGC	1.00000000	moderate	R2|12|motif_substitution|CAG|CAA	0-based_half-open	25	0	0	0	-	0	0.00000000	-	-	assembly_only_unvalidated	no_read_evidence
EV_a485896a031797	seq1_1.0	train	R2	motif_substitution	339	342	33	CAG	CAA	1	S3:G>A	AGC	AGC	1.00000000	moderate	R2|33|motif_substitution|CAG|CAA	0-based_half-open	16	0	0	0	-	0	0.00000000	-	-	assembly_only_unvalidated	no_read_evidence
EV_17a1b403d93304	seq1_1.0	train	R2	motif_substitution	372	375	66	CAG	CAA	1	S3:G>A	AGC	AGC	0.97169368	moderate	R2|66|motif_substitution|CAG|CAA	0-based_half-open	11	0	0	0	-	0	0.00000000	-	-	assembly_only_unvalidated	no_read_evidence
EV_809c3309643f46	seq1_1.0	train	R2	motif_substitution	375	378	69	CAG	CAA	1	S3:G>A	AGC	AGC	0.91582530	moderate	R2|69|motif_substitution|CAG|CAA	0-based_half-open	3	0	0	0	-	0	0.00000000	-	-	assembly_only_unvalidated	no_read_evidence
EV_bbac89414b6df4	seq1_1.0	train	R3	motif_substitution	456	459	0	GCC	GCT	1	S3:C>T	CCG	CCG	0.62688573	moderate	R3|0|motif_substitution|GCC|GCT	0-based_half-open	28	0	0	0	-	0	0.00000000	-	-	assembly_only_unvalidated	no_read_evidence
EV_48fe16d641429f	seq1_1.0	train	R3	motif_substitution	486	489	30	GCC	GCT	1	S3:C>T	CCG	CCG	0.99999999	moderate	R3|30|motif_substitution|GCC|GCT	0-based_half-open	20	0	0	0	-	0	0.00000000	-	-	assembly_only_unvalidated	no_read_evidence
EV_eeae61341aa63d	seq1_1.0	train	R3	motif_substitution	492	495	36	GCC	GTG	2	S2:C>T;S3:C>G	CCG	CCG	0.99999996	moderate	R3|36|motif_substitution|GCC|GTG	0-based_half-open	23	0	0	0	-	0	0.00000000	-	-	assembly_only_unvalidated	no_read_evidence
EV_2897348ef5d6b7	seq1_1.0	train	R3	local_insertion	495	499	39	GCC	GAAC	4	INS:GAAC	-	CCG	0.99999980	moderate	R3|39|local_insertion|GCC|GAAC	0-based_half-open	23	0	0	0	-	0	0.00000000	-	-	assembly_only_unvalidated	no_read_evidence
EV_7284cba3a38944	seq1_1.0	train	R3	motif_substitution	499	502	43	GCC	AGC	2	S1:G>A;S2:C>G	CCG	CCG	0.99999993	moderate	R3|43|motif_substitution|GCC|AGC	0-based_half-open	23	0	0	0	-	0	0.00000000	-	-	assembly_only_unvalidated	no_read_evidence
EV_fca5e8dc74fd15	seq1_1.0	train	R3	motif_substitution	502	505	46	GCC	GCA	1	S3:C>A	CCG	CCG	0.99999992	moderate	R3|46|motif_substitution|GCC|GCA	0-based_half-open	23	0	0	0	-	0	0.00000000	-	-	assembly_only_unvalidated	no_read_evidence
EV_e0e83bbba5b633	seq1_1.0	train	R3	motif_substitution	508	511	52	GCC	GCT	1	S3:C>T	CCG	CCG	0.99999941	moderate	R3|52|motif_substitution|GCC|GCT	0-based_half-open	23	0	0	0	-	0	0.00000000	-	-	assembly_only_unvalidated	no_read_evidence
EV_45758c9e53b5e3	seq1_1.0	train	R3	motif_substitution	511	514	55	GCC	TCG	2	S1:G>T;S3:C>G	CCG	CCG	0.99999836	moderate	R3|55|motif_substitution|GCC|TCG	0-based_half-open	23	0	0	0	-	0	0.00000000	-	-	assembly_only_unvalidated	no_read_evidence
EV_c83f5bba0e15cf	seq2_1.0	train	R1	motif_substitution	258	261	0	GCG	GAG	1	S2:C>A	CCG	CCG	0.99987122	high	R1|0|motif_substitution|GCG|GAG	0-based_half-open	9	0	0	0	-	0	0.00000000	-	-	assembly_only_unvalidated	no_read_evidence
EV_83cbafaace4579	seq2_1.0	train	R1	motif_substitution	276	279	18	GCG	GCA	1	S3:G>A	CCG	CCG	1.00000000	high	R1|18|motif_substitution|GCG|GCA	0-based_half-open	27	0	0	0	-	0	0.00000000	-	-	assembly_only_unvalidated	no_read_evidence
EV_416c1880ddd2e9	seq2_1.0	train	R1	motif_substitution	279	282	21	GCG	GCA	1	S3:G>A	CCG	CCG	1.00000000	high	R1|21|motif_substitution|GCG|GCA	0-based_half-open	8	0	0	0	-	0	0.00000000	-	-	assembly_only_unvalidated	no_read_evidence
EV_dcda0a97de9f54	seq2_1.0	train	R2	motif_substitution	306	309	0	CAG	CAA	1	S3:G>A	AGC	AGC	0.99999863	moderate	R2|0|motif_substitution|CAG|CAA	0-based_half-open	28	0	0	0	-	0	0.00000000	-	-	assembly_only_unvalidated	no_read_evidence
EV_058a0b174014f0	seq2_1.0	train	R2	motif_substitution	312	315	6	CAG	CAA	1	S3:G>A	AGC	AGC	0.99999995	moderate	R2|6|motif_substitution|CAG|CAA	0-based_half-open	28	0	0	0	-	0	0.00000000	-	-	assembly_only_unvalidated	no_read_evidence
EV_38f0b82d95ff18	seq2_1.0	train	R2	motif_substitution	318	321	12	CAG	CAA	1	S3:G>A	AGC	AGC	1.00000000	moderate	R2|12|motif_substitution|CAG|CAA	0-based_half-open	25	0	0	0	-	0	0.00000000	-	-	assembly_only_unvalidated	no_read_evidence
EV_ed7ca58653c439	seq2_1.0	train	R2	motif_substitution	342	345	36	CAG	CAA	1	S3:G>A	AGC	AGC	1.00000000	moderate	R2|36|motif_substitution|CAG|CAA	0-based_half-open	6	0	0	0	-	0	0.00000000	-	-	assembly_only_unvalidated	no_read_evidence
EV_865dada30249fa	seq2_1.0	train	R2	motif_substitution	369	372	63	CAG	CAA	1	S3:G>A	AGC	AGC	0.98008916	moderate	R2|63|motif_substitution|CAG|CAA	0-based_half-open	18	0	0	0	-	0	0.00000000	-	-	assembly_only_unvalidated	no_read_evidence
EV_f870087593ea6a	seq2_1.0	train	R2	motif_substitution	372	375	66	CAG	CAA	1	S3:G>A	AGC	AGC	0.93504773	moderate	R2|66|motif_substitution|CAG|CAA	0-based_half-open	11	0	0	0	-	0	0.00000000	-	-	assembly_only_unvalidated	no_read_evidence
EV_3e1cd5a7b91c35	seq2_1.0	train	R3	motif_substitution	453	456	0	GCC	GCT	1	S3:C>T	CCG	CCG	0.62688573	moderate	R3|0|motif_substitution|GCC|GCT	0-based_half-open	28	0	0	0	-	0	0.00000000	-	-	assembly_only_unvalidated	no_read_evidence
EV_8973e8e578360a	seq2_1.0	train	R3	motif_substitution	483	486	30	GCC	GCT	1	S3:C>T	CCG	CCG	0.99999999	moderate	R3|30|motif_substitution|GCC|GCT	0-based_half-open	20	0	0	0	-	0	0.00000000	-	-	assembly_only_unvalidated	no_read_evidence
EV_d91d388e769461	seq2_1.0	train	R3	motif_substitution	489	492	36	GCC	GTG	2	S2:C>T;S3:C>G	CCG	CCG	0.99999996	moderate	R3|36|motif_substitution|GCC|GTG	0-based_half-open	23	0	0	0	-	0	0.00000000	-	-	assembly_only_unvalidated	no_read_evidence
EV_6b344d19f19757	seq2_1.0	train	R3	local_insertion	492	496	39	GCC	GAAC	4	INS:GAAC	-	CCG	0.99999980	moderate	R3|39|local_insertion|GCC|GAAC	0-based_half-open	23	0	0	0	-	0	0.00000000	-	-	assembly_only_unvalidated	no_read_evidence
EV_bf276807ad9a72	seq2_1.0	train	R3	motif_substitution	496	499	43	GCC	AGC	2	S1:G>A;S2:C>G	CCG	CCG	0.99999993	moderate	R3|43|motif_substitution|GCC|AGC	0-based_half-open	23	0	0	0	-	0	0.00000000	-	-	assembly_only_unvalidated	no_read_evidence
EV_7475a737a7360a	seq2_1.0	train	R3	motif_substitution	499	502	46	GCC	GCA	1	S3:C>A	CCG	CCG	0.99999992	moderate	R3|46|motif_substitution|GCC|GCA	0-based_half-open	23	0	0	0	-	0	0.00000000	-	-	assembly_only_unvalidated	no_read_evidence
EV_082e22b3e045a3	seq2_1.0	train	R3	motif_substitution	505	508	52	GCC	GCT	1	S3:C>T	CCG	CCG	0.99999941	moderate	R3|52|motif_substitution|GCC|GCT	0-based_half-open	23	0	0	0	-	0	0.00000000	-	-	assembly_only_unvalidated	no_read_evidence
EV_b57e0dd61e1bc8	seq2_1.0	train	R3	motif_substitution	508	511	55	GCC	TCG	2	S1:G>T;S3:C>G	CCG	CCG	0.99999836	moderate	R3|55|motif_substitution|GCC|TCG	0-based_half-open	23	0	0	0	-	0	0.00000000	-	-	assembly_only_unvalidated	no_read_evidence
EV_7af89dae19368b	seq1_158.0	train	R1	motif_substitution	258	261	0	GCG	GAG	1	S2:C>A	CCG	CCG	0.99987122	high	R1|0|motif_substitution|GCG|GAG	0-based_half-open	9	0	0	0	-	0	0.00000000	-	-	assembly_only_unvalidated	no_read_evidence
EV_466010e5de6977	seq1_158.0	train	R1	motif_substitution	276	279	18	GCG	GCA	1	S3:G>A	CCG	CCG	1.00000000	high	R1|18|motif_substitution|GCG|GCA	0-based_half-open	27	0	0	0	-	0	0.00000000	-	-	assembly_only_unvalidated	no_read_evidence
EV_794940326e620a	seq1_158.0	train	R1	motif_substitution	279	282	21	GCG	GCA	1	S3:G>A	CCG	CCG	1.00000000	high	R1|21|motif_substitution|GCG|GCA	0-based_half-open	8	0	0	0	-	0	0.00000000	-	-	assembly_only_unvalidated	no_read_evidence
EV_62701ff5cf4f17	seq1_158.0	train	R2	motif_substitution	306	309	0	CAG	CAA	1	S3:G>A	AGC	AGC	0.99999863	moderate	R2|0|motif_substitution|CAG|CAA	0-based_half-open	28	0	0	0	-	0	0.00000000	-	-	assembly_only_unvalidated	no_read_evidence
EV_a503f5b3493acd	seq1_158.0	train	R2	motif_substitution	312	315	6	CAG	CAA	1	S3:G>A	AGC	AGC	0.99999995	moderate	R2|6|motif_substitution|CAG|CAA	0-based_half-open	28	0	0	0	-	0	0.00000000	-	-	assembly_only_unvalidated	no_read_evidence
EV_657530a05da491	seq1_158.0	train	R2	motif_substitution	318	321	12	CAG	CAA	1	S3:G>A	AGC	AGC	1.00000000	moderate	R2|12|motif_substitution|CAG|CAA	0-based_half-open	25	0	0	0	-	0	0.00000000	-	-	assembly_only_unvalidated	no_read_evidence
EV_4f281b4d032333	seq1_158.0	train	R2	motif_substitution	342	345	36	CAG	CAA	1	S3:G>A	AGC	AGC	1.00000000	moderate	R2|36|motif_substitution|CAG|CAA	0-based_half-open	6	0	0	0	-	0	0.00000000	-	-	assembly_only_unvalidated	no_read_evidence
EV_5d518b15dba724	seq1_158.0	train	R2	motif_substitution	369	372	63	CAG	CAA	1	S3:G>A	AGC	AGC	0.98008916	moderate	R2|63|motif_substitution|CAG|CAA	0-based_half-open	18	0	0	0	-	0	0.00000000	-	-	assembly_only_unvalidated	no_read_evidence
EV_b209d03507314f	seq1_158.0	train	R2	motif_substitution	372	375	66	CAG	CAA	1	S3:G>A	AGC	AGC	0.93504773	moderate	R2|66|motif_substitution|CAG|CAA	0-based_half-open	11	0	0	0	-	0	0.00000000	-	-	assembly_only_unvalidated	no_read_evidence
EV_d629955f14e3ec	seq1_158.0	train	R3	motif_substitution	453	456	0	GCC	GCT	1	S3:C>T	CCG	CCG	0.62688573	moderate	R3|0|motif_substitution|GCC|GCT	0-based_half-open	28	0	0	0	-	0	0.00000000	-	-	assembly_only_unvalidated	no_read_evidence
EV_e0d65af860fb4a	seq1_158.0	train	R3	motif_substitution	483	486	30	GCC	GCT	1	S3:C>T	CCG	CCG	0.99999999	moderate	R3|30|motif_substitution|GCC|GCT	0-based_half-open	20	0	0	0	-	0	0.00000000	-	-	assembly_only_unvalidated	no_read_evidence
EV_ee57554e08e53c	seq1_158.0	train	R3	motif_substitution	489	492	36	GCC	GTG	2	S2:C>T;S3:C>G	CCG	CCG	0.99999996	moderate	R3|36|motif_substitution|GCC|GTG	0-based_half-open	23	0	0	0	-	0	0.00000000	-	-	assembly_only_unvalidated	no_read_evidence
EV_171a9a7a24b9c1	seq1_158.0	train	R3	local_insertion	492	496	39	GCC	GAAC	4	INS:GAAC	-	CCG	0.99999980	moderate	R3|39|local_insertion|GCC|GAAC	0-based_half-open	23	0	0	0	-	0	0.00000000	-	-	assembly_only_unvalidated	no_read_evidence
EV_ac9dd0210e0f36	seq1_158.0	train	R3	motif_substitution	496	499	43	GCC	AGC	2	S1:G>A;S2:C>G	CCG	CCG	0.99999993	moderate	R3|43|motif_substitution|GCC|AGC	0-based_half-open	23	0	0	0	-	0	0.00000000	-	-	assembly_only_unvalidated	no_read_evidence
EV_59361808fa11a4	seq1_158.0	train	R3	motif_substitution	499	502	46	GCC	GCA	1	S3:C>A	CCG	CCG	0.99999992	moderate	R3|46|motif_substitution|GCC|GCA	0-based_half-open	23	0	0	0	-	0	0.00000000	-	-	assembly_only_unvalidated	no_read_evidence
EV_bc1d2e1e810750	seq1_158.0	train	R3	motif_substitution	505	508	52	GCC	GCT	1	S3:C>T	CCG	CCG	0.99999941	moderate	R3|52|motif_substitution|GCC|GCT	0-based_half-open	23	0	0	0	-	0	0.00000000	-	-	assembly_only_unvalidated	no_read_evidence
EV_d7898159faa83a	seq1_158.0	train	R3	motif_substitution	508	511	55	GCC	TCG	2	S1:G>T;S3:C>G	CCG	CCG	0.99999836	moderate	R3|55|motif_substitution|GCC|TCG	0-based_half-open	23	0	0	0	-	0	0.00000000	-	-	assembly_only_unvalidated	no_read_evidence
EV_eca0f2b1869ca4	seq2_37.5	test	R1	motif_substitution	276	279	15	GCG	GCA	1	S3:G>A	CCG	CCG	1.00000000	high	R1|15|motif_substitution|GCG|GCA	0-based_half-open	19	0	0	0	-	0	0.00000000	-	-	assembly_only_unvalidated	no_read_evidence
EV_60643ab13d2592	seq2_37.5	test	R1	motif_substitution	279	282	18	GCG	GCA	1	S3:G>A	CCG	CCG	1.00000000	high	R1|18|motif_substitution|GCG|GCA	0-based_half-open	27	0	0	0	-	0	0.00000000	-	-	assembly_only_unvalidated	no_read_evidence
EV_cc7490841fb0ee	seq2_37.5	test	R2	motif_substitution	306	309	0	CAG	CAA	1	S3:G>A	AGC	AGC	0.99999844	moderate	R2|0|motif_substitution|CAG|CAA	0-based_half-open	28	0	0	0	-	0	0.00000000	-	-	assembly_only_unvalidated	no_read_evidence
EV_51ac876eb5e2ac	seq2_37.5	test	R2	motif_substitution	312	315	6	CAG	CAA	1	S3:G>A	AGC	AGC	0.99999992	moderate	R2|6|motif_substitution|CAG|CAA	0-based_half-open	28	0	0	0	-	0	0.00000000	-	-	assembly_only_unvalidated	no_read_evidence
EV_da6a4a8594d72d	seq2_37.5	test	R2	motif_substitution	318	321	12	CAG	CAA	1	S3:G>A	AGC	AGC	1.00000000	moderate	R2|12|motif_substitution|CAG|CAA	0-based_half-open	25	0	0	0	-	0	0.00000000	-	-	assembly_only_unvalidated	no_read_evidence
EV_dd9984dcee3a3e	seq2_37.5	test	R2	motif_substitution	339	342	33	CAG	CAA	1	S3:G>A	AGC	AGC	1.00000000	moderate	R2|33|motif_substitution|CAG|CAA	0-based_half-open	16	0	0	0	-	0	0.00000000	-	-	assembly_only_unvalidated	no_read_evidence
EV_a78216ecef0835	seq2_37.5	test	R2	motif_substitution	372	375	66	CAG	CAA	1	S3:G>A	AGC	AGC	0.97169368	moderate	R2|66|motif_substitution|CAG|CAA	0-based_half-open	11	0	0	0	-	0	0.00000000	-	-	assembly_only_unvalidated	no_read_evidence
EV_89ba760fed425d	seq2_37.5	test	R2	motif_substitution	375	378	69	CAG	CAA	1	S3:G>A	AGC	AGC	0.91582530	moderate	R2|69|motif_substitution|CAG|CAA	0-based_half-open	3	0	0	0	-	0	0.00000000	-	-	assembly_only_unvalidated	no_read_evidence
EV_313feab8580019	seq2_37.5	test	R3	motif_substitution	456	459	0	GCC	GCT	1	S3:C>T	CCG	CCG	0.62688573	moderate	R3|0|motif_substitution|GCC|GCT	0-based_half-open	28	0	0	0	-	0	0.00000000	-	-	assembly_only_unvalidated	no_read_evidence
EV_a64ce4fe17991e	seq2_37.5	test	R3	motif_substitution	486	489	30	GCC	GCT	1	S3:C>T	CCG	CCG	0.99999999	moderate	R3|30|motif_substitution|GCC|GCT	0-based_half-open	20	0	0	0	-	0	0.00000000	-	-	assembly_only_unvalidated	no_read_evidence
EV_e07d2b03459c0d	seq2_37.5	test	R3	motif_substitution	492	495	36	GCC	GTG	2	S2:C>T;S3:C>G	CCG	CCG	0.99999996	moderate	R3|36|motif_substitution|GCC|GTG	0-based_half-open	23	0	0	0	-	0	0.00000000	-	-	assembly_only_unvalidated	no_read_evidence
EV_736c210c2b3a1e	seq2_37.5	test	R3	local_insertion	495	499	39	GCC	GAAC	4	INS:GAAC	-	CCG	0.99999980	moderate	R3|39|local_insertion|GCC|GAAC	0-based_half-open	23	0	0	0	-	0	0.00000000	-	-	assembly_only_unvalidated	no_read_evidence
EV_3648efb7c15bc8	seq2_37.5	test	R3	motif_substitution	499	502	43	GCC	AGC	2	S1:G>A;S2:C>G	CCG	CCG	0.99999993	moderate	R3|43|motif_substitution|GCC|AGC	0-based_half-open	23	0	0	0	-	0	0.00000000	-	-	assembly_only_unvalidated	no_read_evidence
EV_70c23ea44cf2f1	seq2_37.5	test	R3	motif_substitution	502	505	46	GCC	GCA	1	S3:C>A	CCG	CCG	0.99999992	moderate	R3|46|motif_substitution|GCC|GCA	0-based_half-open	23	0	0	0	-	0	0.00000000	-	-	assembly_only_unvalidated	no_read_evidence
EV_5f645894489820	seq2_37.5	test	R3	motif_substitution	508	511	52	GCC	GCT	1	S3:C>T	CCG	CCG	0.99999941	moderate	R3|52|motif_substitution|GCC|GCT	0-based_half-open	23	0	0	0	-	0	0.00000000	-	-	assembly_only_unvalidated	no_read_evidence
EV_81126582f27558	seq2_37.5	test	R3	motif_substitution	511	514	55	GCC	TCG	2	S1:G>T;S3:C>G	CCG	CCG	0.99999836	moderate	R3|55|motif_substitution|GCC|TCG	0-based_half-open	23	0	0	0	-	0	0.00000000	-	-	assembly_only_unvalidated	no_read_evidence
EV_36b693144dbc7d	seq3_29.0	train	R1	motif_substitution	276	279	15	GCG	GCA	1	S3:G>A	CCG	CCG	1.00000000	high	R1|15|motif_substitution|GCG|GCA	0-based_half-open	19	0	0	0	-	0	0.00000000	-	-	assembly_only_unvalidated	no_read_evidence
EV_851744682b1267	seq3_29.0	train	R1	motif_substitution	279	282	18	GCG	GCA	1	S3:G>A	CCG	CCG	1.00000000	high	R1|18|motif_substitution|GCG|GCA	0-based_half-open	27	0	0	0	-	0	0.00000000	-	-	assembly_only_unvalidated	no_read_evidence
EV_02e9944ddf64d7	seq3_29.0	train	R2	motif_substitution	306	309	0	CAG	CAA	1	S3:G>A	AGC	AGC	0.99999882	moderate	R2|0|motif_substitution|CAG|CAA	0-based_half-open	28	0	0	0	-	0	0.00000000	-	-	assembly_only_unvalidated	no_read_evidence
EV_ada23d9dc909d2	seq3_29.0	train	R2	motif_substitution	312	315	6	CAG	CAA	1	S3:G>A	AGC	AGC	0.99999996	moderate	R2|6|motif_substitution|CAG|CAA	0-based_half-open	28	0	0	0	-	0	0.00000000	-	-	assembly_only_unvalidated	no_read_evidence
EV_ce1a2070527ee6	seq3_29.0	train	R2	motif_substitution	318	321	12	CAG	CAA	1	S3:G>A	AGC	AGC	1.00000000	moderate	R2|12|motif_substitution|CAG|CAA	0-based_half-open	25	0	0	0	-	0	0.00000000	-	-	assembly_only_unvalidated	no_read_evidence
EV_de1f9e37d2ed12	seq3_29.0	train	R2	motif_substitution	339	342	33	CAG	CAA	1	S3:G>A	AGC	AGC	1.00000000	moderate	R2|33|motif_substitution|CAG|CAA	0-based_half-open	16	0	0	0	-	0	0.00000000	-	-	assembly_only_unvalidated	no_read_evidence
EV_b41f2205bfc690	seq3_29.0	train	R2	motif_substitution	366	369	60	CAG	CAA	1	S3:G>A	AGC	AGC	0.98606401	moderate	R2|60|motif_substitution|CAG|CAA	0-based_half-open	13	0	0	0	-	0	0.00000000	-	-	assembly_only_unvalidated	no_read_evidence
EV_61441587225b31	seq3_29.0	train	R2	motif_substitution	369	372	63	CAG	CAA	1	S3:G>A	AGC	AGC	0.94998258	moderate	R2|63|motif_substitution|CAG|CAA	0-based_half-open	18	0	0	0	-	0	0.00000000	-	-	assembly_only_unvalidated	no_read_evidence
EV_de30efdfbb10de	seq3_29.0	train	R3	motif_substitution	450	453	0	GCC	GCT	1	S3:C>T	CCG	CCG	0.62688573	moderate	R3|0|motif_substitution|GCC|GCT	0-based_half-open	28	0	0	0	-	0	0.00000000	-	-	assembly_only_unvalidated	no_read_evidence
EV_143609afbcb8f7	seq3_29.0	train	R3	motif_substitution	486	489	36	GCC	GTG	2	S2:C>T;S3:C>G	CCG	CCG	0.99999996	moderate	R3|36|motif_substitution|GCC|GTG	0-based_half-open	23	0	0	0	-	0	0.00000000	-	-	assembly_only_unvalidated	no_read_evidence
EV_bb679768cd5ecd	seq3_29.0	train	R3	local_insertion	489	493	39	GCC	GAAC	4	INS:GAAC	-	CCG	0.99999980	moderate	R3|39|local_insertion|GCC|GAAC	0-based_half-open	23	0	0	0	-	0	0.00000000	-	-	assembly_only_unvalidated	no_read_evidence
EV_c67305ac089eac	seq3_29.0	train	R3	motif_substitution	493	496	43	GCC	AGC	2	S1:G>A;S2:C>G	CCG	CCG	0.99999993	moderate	R3|43|motif_substitution|GCC|AGC	0-based_half-open	23	0	0	0	-	0	0.00000000	-	-	assembly_only_unvalidated	no_read_evidence
EV_f678364428dd44	seq3_29.0	train	R3	motif_substitution	496	499	46	GCC	GCA	1	S3:C>A	CCG	CCG	0.99999992	moderate	R3|46|motif_substitution|GCC|GCA	0-based_half-open	23	0	0	0	-	0	0.00000000	-	-	assembly_only_unvalidated	no_read_evidence
EV_f3835c615772aa	seq3_29.0	train	R3	motif_substitution	502	505	52	GCC	GCT	1	S3:C>T	CCG	CCG	0.99999941	moderate	R3|52|motif_substitution|GCC|GCT	0-based_half-open	23	0	0	0	-	0	0.00000000	-	-	assembly_only_unvalidated	no_read_evidence
EV_3e404f99c5486e	seq3_29.0	train	R3	motif_substitution	505	508	55	GCC	TCG	2	S1:G>T;S3:C>G	CCG	CCG	0.99999836	moderate	R3|55|motif_substitution|GCC|TCG	0-based_half-open	23	0	0	0	-	0	0.00000000	-	-	assembly_only_unvalidated	no_read_evidence
EV_5020dd59cc4bf8	seq4_54.5	tune	R1	motif_substitution	276	279	15	GCG	GCA	1	S3:G>A	CCG	CCG	1.00000000	high	R1|15|motif_substitution|GCG|GCA	0-based_half-open	19	0	0	0	-	0	0.00000000	-	-	assembly_only_unvalidated	no_read_evidence
EV_9be96b4bd239cb	seq4_54.5	tune	R1	motif_substitution	279	282	18	GCG	GCA	1	S3:G>A	CCG	CCG	1.00000000	high	R1|18|motif_substitution|GCG|GCA	0-based_half-open	27	0	0	0	-	0	0.00000000	-	-	assembly_only_unvalidated	no_read_evidence
EV_6a6664ba05c08d	seq4_54.5	tune	R2	motif_substitution	306	309	0	CAG	CAA	1	S3:G>A	AGC	AGC	0.99999882	moderate	R2|0|motif_substitution|CAG|CAA	0-based_half-open	28	0	0	0	-	0	0.00000000	-	-	assembly_only_unvalidated	no_read_evidence
EV_6dbfed0db4377c	seq4_54.5	tune	R2	motif_substitution	312	315	6	CAG	CAA	1	S3:G>A	AGC	AGC	0.99999996	moderate	R2|6|motif_substitution|CAG|CAA	0-based_half-open	28	0	0	0	-	0	0.00000000	-	-	assembly_only_unvalidated	no_read_evidence
EV_a4412fb785708f	seq4_54.5	tune	R2	motif_substitution	318	321	12	CAG	CAA	1	S3:G>A	AGC	AGC	1.00000000	moderate	R2|12|motif_substitution|CAG|CAA	0-based_half-open	25	0	0	0	-	0	0.00000000	-	-	assembly_only_unvalidated	no_read_evidence
EV_21c57b6394f00b	seq4_54.5	tune	R2	motif_substitution	339	342	33	CAG	CAA	1	S3:G>A	AGC	AGC	1.00000000	moderate	R2|33|motif_substitution|CAG|CAA	0-based_half-open	16	0	0	0	-	0	0.00000000	-	-	assembly_only_unvalidated	no_read_evidence
EV_d08fed2f286d13	seq4_54.5	tune	R2	motif_substitution	366	369	60	CAG	CAA	1	S3:G>A	AGC	AGC	0.98606401	moderate	R2|60|motif_substitution|CAG|CAA	0-based_half-open	13	0	0	0	-	0	0.00000000	-	-	assembly_only_unvalidated	no_read_evidence
EV_1ccc5af0f2bbdb	seq4_54.5	tune	R2	motif_substitution	369	372	63	CAG	CAA	1	S3:G>A	AGC	AGC	0.94998258	moderate	R2|63|motif_substitution|CAG|CAA	0-based_half-open	18	0	0	0	-	0	0.00000000	-	-	assembly_only_unvalidated	no_read_evidence
EV_5d69e3e088341f	seq4_54.5	tune	R3	motif_substitution	450	453	0	GCC	GCT	1	S3:C>T	CCG	CCG	0.62688573	moderate	R3|0|motif_substitution|GCC|GCT	0-based_half-open	28	0	0	0	-	0	0.00000000	-	-	assembly_only_unvalidated	no_read_evidence
EV_bbd01e429dd752	seq4_54.5	tune	R3	motif_substitution	480	483	30	GCC	GCT	1	S3:C>T	CCG	CCG	0.99999999	moderate	R3|30|motif_substitution|GCC|GCT	0-based_half-open	20	0	0	0	-	0	0.00000000	-	-	assembly_only_unvalidated	no_read_evidence
EV_f91e42828dee37	seq4_54.5	tune	R3	motif_substitution	486	489	36	GCC	GTG	2	S2:C>T;S3:C>G	CCG	CCG	0.99999996	moderate	R3|36|motif_substitution|GCC|GTG	0-based_half-open	23	0	0	0	-	0	0.00000000	-	-	assembly_only_unvalidated	no_read_evidence
EV_495083c27c99fd	seq4_54.5	tune	R3	local_insertion	489	493	39	GCC	GAAC	4	INS:GAAC	-	CCG	0.99999980	moderate	R3|39|local_insertion|GCC|GAAC	0-based_half-open	23	0	0	0	-	0	0.00000000	-	-	assembly_only_unvalidated	no_read_evidence
EV_edbe42d844eaf6	seq4_54.5	tune	R3	motif_substitution	493	496	43	GCC	AGC	2	S1:G>A;S2:C>G	CCG	CCG	0.99999993	moderate	R3|43|motif_substitution|GCC|AGC	0-based_half-open	23	0	0	0	-	0	0.00000000	-	-	assembly_only_unvalidated	no_read_evidence
EV_e9cdc1df073bf8	seq4_54.5	tune	R3	motif_substitution	496	499	46	GCC	GCA	1	S3:C>A	CCG	CCG	0.99999992	moderate	R3|46|motif_substitution|GCC|GCA	0-based_half-open	23	0	0	0	-	0	0.00000000	-	-	assembly_only_unvalidated	no_read_evidence
EV_1ea3915924dcdf	seq4_54.5	tune	R3	motif_substitution	502	505	52	GCC	GCT	1	S3:C>T	CCG	CCG	0.99999941	moderate	R3|52|motif_substitution|GCC|GCT	0-based_half-open	23	0	0	0	-	0	0.00000000	-	-	assembly_only_unvalidated	no_read_evidence
EV_5f6792334e1319	seq4_54.5	tune	R3	motif_substitution	505	508	55	GCC	TCG	2	S1:G>T;S3:C>G	CCG	CCG	0.99999836	moderate	R3|55|motif_substitution|GCC|TCG	0-based_half-open	23	0	0	0	-	0	0.00000000	-	-	assembly_only_unvalidated	no_read_evidence
EV_1fc36d43307e01	seq5_3.0	test	R1	motif_substitution	276	279	15	GCG	GCA	1	S3:G>A	CCG	CCG	1.00000000	high	R1|15|motif_substitution|GCG|GCA	0-based_half-open	19	0	0	0	-	0	0.00000000	-	-	assembly_only_unvalidated	no_read_evidence
EV_345d72afb997f5	seq5_3.0	test	R1	motif_substitution	279	282	18	GCG	GCA	1	S3:G>A	CCG	CCG	1.00000000	high	R1|18|motif_substitution|GCG|GCA	0-based_half-open	27	0	0	0	-	0	0.00000000	-	-	assembly_only_unvalidated	no_read_evidence
EV_289af859bdbc40	seq5_3.0	test	R2	motif_substitution	306	309	0	CAG	CAA	1	S3:G>A	AGC	AGC	0.99999910	moderate	R2|0|motif_substitution|CAG|CAA	0-based_half-open	28	0	0	0	-	0	0.00000000	-	-	assembly_only_unvalidated	no_read_evidence
EV_f80803b6d993fa	seq5_3.0	test	R2	motif_substitution	312	315	6	CAG	CAA	1	S3:G>A	AGC	AGC	0.99999998	moderate	R2|6|motif_substitution|CAG|CAA	0-based_half-open	28	0	0	0	-	0	0.00000000	-	-	assembly_only_unvalidated	no_read_evidence
EV_c66335ac0408a4	seq5_3.0	test	R2	motif_substitution	318	321	12	CAG	CAA	1	S3:G>A	AGC	AGC	1.00000000	moderate	R2|12|motif_substitution|CAG|CAA	0-based_half-open	25	0	0	0	-	0	0.00000000	-	-	assembly_only_unvalidated	no_read_evidence
EV_90f26617e62149	seq5_3.0	test	R2	motif_substitution	339	342	33	CAG	CAA	1	S3:G>A	AGC	AGC	1.00000000	moderate	R2|33|motif_substitution|CAG|CAA	0-based_half-open	16	0	0	0	-	0	0.00000000	-	-	assembly_only_unvalidated	no_read_evidence
EV_c8ea17f1bc5f02	seq5_3.0	test	R2	motif_substitution	360	363	54	CAG	CAA	1	S3:G>A	AGC	AGC	0.99324562	moderate	R2|54|motif_substitution|CAG|CAA	0-based_half-open	2	0	0	0	-	0	0.00000000	-	-	assembly_only_unvalidated	no_read_evidence
EV_c5091912fe6072	seq5_3.0	test	R2	motif_substitution	363	366	57	CAG	CAA	1	S3:G>A	AGC	AGC	0.97041911	moderate	R2|57|motif_substitution|CAG|CAA	0-based_half-open	4	0	0	0	-	0	0.00000000	-	-	assembly_only_unvalidated	no_read_evidence
EV_d48ce04e669a86	seq5_3.0	test	R3	motif_substitution	444	447	0	GCC	GCT	1	S3:C>T	CCG	CCG	0.62688573	moderate	R3|0|motif_substitution|GCC|GCT	0-based_half-open	28	0	0	0	-	0	0.00000000	-	-	assembly_only_unvalidated	no_read_evidence
EV_ce80a2305ce6e4	seq5_3.0	test	R3	motif_substitution	474	477	30	GCC	GCT	1	S3:C>T	CCG	CCG	0.99999999	moderate	R3|30|motif_substitution|GCC|GCT	0-based_half-open	20	0	0	0	-	0	0.00000000	-	-	assembly_only_unvalidated	no_read_evidence
EV_7ab7ad1bee0915	seq5_3.0	test	R3	motif_substitution	480	483	36	GCC	GTG	2	S2:C>T;S3:C>G	CCG	CCG	0.99999996	moderate	R3|36|motif_substitution|GCC|GTG	0-based_half-open	23	0	0	0	-	0	0.00000000	-	-	assembly_only_unvalidated	no_read_evidence
EV_f9801753b8f110	seq5_3.0	test	R3	local_insertion	483	487	39	GCC	GAAC	4	INS:GAAC	-	CCG	0.99999980	moderate	R3|39|local_insertion|GCC|GAAC	0-based_half-open	23	0	0	0	-	0	0.00000000	-	-	assembly_only_unvalidated	no_read_evidence
EV_fc8d5feadef3ac	seq5_3.0	test	R3	motif_substitution	487	490	43	GCC	AGC	2	S1:G>A;S2:C>G	CCG	CCG	0.99999993	moderate	R3|43|motif_substitution|GCC|AGC	0-based_half-open	23	0	0	0	-	0	0.00000000	-	-	assembly_only_unvalidated	no_read_evidence
EV_7954f9913259ed	seq5_3.0	test	R3	motif_substitution	490	493	46	GCC	GCA	1	S3:C>A	CCG	CCG	0.99999992	moderate	R3|46|motif_substitution|GCC|GCA	0-based_half-open	23	0	0	0	-	0	0.00000000	-	-	assembly_only_unvalidated	no_read_evidence
EV_c03b7a1e680862	seq5_3.0	test	R3	motif_substitution	496	499	52	GCC	GCT	1	S3:C>T	CCG	CCG	0.99999941	moderate	R3|52|motif_substitution|GCC|GCT	0-based_half-open	23	0	0	0	-	0	0.00000000	-	-	assembly_only_unvalidated	no_read_evidence
EV_b8252123832a07	seq5_3.0	test	R3	motif_substitution	499	502	55	GCC	TCG	2	S1:G>T;S3:C>G	CCG	CCG	0.99999836	moderate	R3|55|motif_substitution|GCC|TCG	0-based_half-open	23	0	0	0	-	0	0.00000000	-	-	assembly_only_unvalidated	no_read_evidence
EV_672b08fa25baed	seq6_2.0	tune	R1	motif_substitution	276	279	15	GCG	GCA	1	S3:G>A	CCG	CCG	1.00000000	high	R1|15|motif_substitution|GCG|GCA	0-based_half-open	19	0	0	0	-	0	0.00000000	-	-	assembly_only_unvalidated	no_read_evidence
EV_a6d852a8454a84	seq6_2.0	tune	R1	motif_substitution	279	282	18	GCG	GCA	1	S3:G>A	CCG	CCG	1.00000000	high	R1|18|motif_substitution|GCG|GCA	0-based_half-open	27	0	0	0	-	0	0.00000000	-	-	assembly_only_unvalidated	no_read_evidence
EV_bbd30bb6d510d9	seq6_2.0	tune	R2	motif_substitution	306	309	0	CAG	CAA	1	S3:G>A	AGC	AGC	0.99999897	moderate	R2|0|motif_substitution|CAG|CAA	0-based_half-open	28	0	0	0	-	0	0.00000000	-	-	assembly_only_unvalidated	no_read_evidence
EV_f51b28c8a2595f	seq6_2.0	tune	R2	motif_substitution	312	315	6	CAG	CAA	1	S3:G>A	AGC	AGC	0.99999998	moderate	R2|6|motif_substitution|CAG|CAA	0-based_half-open	28	0	0	0	-	0	0.00000000	-	-	assembly_only_unvalidated	no_read_evidence
EV_d669351ce18f71	seq6_2.0	tune	R2	motif_substitution	318	321	12	CAG	CAA	1	S3:G>A	AGC	AGC	1.00000000	moderate	R2|12|motif_substitution|CAG|CAA	0-based_half-open	25	0	0	0	-	0	0.00000000	-	-	assembly_only_unvalidated	no_read_evidence
EV_2fde5308f2b4a2	seq6_2.0	tune	R2	motif_substitution	363	366	57	CAG	CAA	1	S3:G>A	AGC	AGC	0.99028348	moderate	R2|57|motif_substitution|CAG|CAA	0-based_half-open	4	0	0	0	-	0	0.00000000	-	-	assembly_only_unvalidated	no_read_evidence
EV_09aeaee9bd6cae	seq6_2.0	tune	R2	motif_substitution	366	369	60	CAG	CAA	1	S3:G>A	AGC	AGC	0.96152641	moderate	R2|60|motif_substitution|CAG|CAA	0-based_half-open	13	0	0	0	-	0	0.00000000	-	-	assembly_only_unvalidated	no_read_evidence
EV_bb144ffb4ceeac	seq6_2.0	tune	R3	motif_substitution	447	450	0	GCC	GCT	1	S3:C>T	CCG	CCG	0.62688573	moderate	R3|0|motif_substitution|GCC|GCT	0-based_half-open	28	0	0	0	-	0	0.00000000	-	-	assembly_only_unvalidated	no_read_evidence
EV_1efe0c3751eb7b	seq6_2.0	tune	R3	motif_substitution	477	480	30	GCC	GCT	1	S3:C>T	CCG	CCG	0.99999999	moderate	R3|30|motif_substitution|GCC|GCT	0-based_half-open	20	0	0	0	-	0	0.00000000	-	-	assembly_only_unvalidated	no_read_evidence
EV_72dc4403545d0c	seq6_2.0	tune	R3	motif_substitution	483	486	36	GCC	GTG	2	S2:C>T;S3:C>G	CCG	CCG	0.99999996	moderate	R3|36|motif_substitution|GCC|GTG	0-based_half-open	23	0	0	0	-	0	0.00000000	-	-	assembly_only_unvalidated	no_read_evidence
EV_8954de78fdc259	seq6_2.0	tune	R3	local_insertion	486	490	39	GCC	GAAC	4	INS:GAAC	-	CCG	0.99999980	moderate	R3|39|local_insertion|GCC|GAAC	0-based_half-open	23	0	0	0	-	0	0.00000000	-	-	assembly_only_unvalidated	no_read_evidence
EV_4a170543376a59	seq6_2.0	tune	R3	motif_substitution	490	493	43	GCC	AGC	2	S1:G>A;S2:C>G	CCG	CCG	0.99999993	moderate	R3|43|motif_substitution|GCC|AGC	0-based_half-open	23	0	0	0	-	0	0.00000000	-	-	assembly_only_unvalidated	no_read_evidence
EV_9a49762c1b169b	seq6_2.0	tune	R3	motif_substitution	493	496	46	GCC	GCA	1	S3:C>A	CCG	CCG	0.99999992	moderate	R3|46|motif_substitution|GCC|GCA	0-based_half-open	23	0	0	0	-	0	0.00000000	-	-	assembly_only_unvalidated	no_read_evidence
EV_52eec4d457211c	seq6_2.0	tune	R3	motif_substitution	499	502	52	GCC	GCT	1	S3:C>T	CCG	CCG	0.99999941	moderate	R3|52|motif_substitution|GCC|GCT	0-based_half-open	23	0	0	0	-	0	0.00000000	-	-	assembly_only_unvalidated	no_read_evidence
EV_e74a99dbfdc857	seq6_2.0	tune	R3	motif_substitution	502	505	55	GCC	TCG	2	S1:G>T;S3:C>G	CCG	CCG	0.99999836	moderate	R3|55|motif_substitution|GCC|TCG	0-based_half-open	23	0	0	0	-	0	0.00000000	-	-	assembly_only_unvalidated	no_read_evidence
EV_63c8bb2528b9a9	seq7_5.0	test	R1	motif_substitution	276	279	15	GCG	GCA	1	S3:G>A	CCG	CCG	1.00000000	high	R1|15|motif_substitution|GCG|GCA	0-based_half-open	19	0	0	0	-	0	0.00000000	-	-	assembly_only_unvalidated	no_read_evidence
EV_c426226cc7df72	seq7_5.0	test	R1	motif_substitution	279	282	18	GCG	GCA	1	S3:G>A	CCG	CCG	1.00000000	high	R1|18|motif_substitution|GCG|GCA	0-based_half-open	27	0	0	0	-	0	0.00000000	-	-	assembly_only_unvalidated	no_read_evidence
EV_fb1e0da9e46309	seq7_5.0	test	R2	motif_substitution	306	309	0	CAG	CAA	1	S3:G>A	AGC	AGC	0.99999882	moderate	R2|0|motif_substitution|CAG|CAA	0-based_half-open	28	0	0	0	-	0	0.00000000	-	-	assembly_only_unvalidated	no_read_evidence
EV_0627aac2bde8e8	seq7_5.0	test	R2	motif_substitution	312	315	6	CAG	CAA	1	S3:G>A	AGC	AGC	0.99999996	moderate	R2|6|motif_substitution|CAG|CAA	0-based_half-open	28	0	0	0	-	0	0.00000000	-	-	assembly_only_unvalidated	no_read_evidence
EV_a9d75100ed2f65	seq7_5.0	test	R2	motif_substitution	318	321	12	CAG	CAA	1	S3:G>A	AGC	AGC	1.00000000	moderate	R2|12|motif_substitution|CAG|CAA	0-based_half-open	25	0	0	0	-	0	0.00000000	-	-	assembly_only_unvalidated	no_read_evidence
EV_6d66d72b374e00	seq7_5.0	test	R2	motif_substitution	366	369	60	CAG	CAA	1	S3:G>A	AGC	AGC	0.98606401	moderate	R2|60|motif_substitution|CAG|CAA	0-based_half-open	13	0	0	0	-	0	0.00000000	-	-	assembly_only_unvalidated	no_read_evidence
EV_df73d35c48343a	seq7_5.0	test	R2	motif_substitution	369	372	63	CAG	CAA	1	S3:G>A	AGC	AGC	0.94998258	moderate	R2|63|motif_substitution|CAG|CAA	0-based_half-open	18	0	0	0	-	0	0.00000000	-	-	assembly_only_unvalidated	no_read_evidence
EV_c0047aea4cc5e2	seq7_5.0	test	R3	motif_substitution	450	453	0	GCC	GCT	1	S3:C>T	CCG	CCG	0.62688573	moderate	R3|0|motif_substitution|GCC|GCT	0-based_half-open	28	0	0	0	-	0	0.00000000	-	-	assembly_only_unvalidated	no_read_evidence
EV_6520934eb23d61	seq7_5.0	test	R3	motif_substitution	480	483	30	GCC	GCT	1	S3:C>T	CCG	CCG	0.99999999	moderate	R3|30|motif_substitution|GCC|GCT	0-based_half-open	20	0	0	0	-	0	0.00000000	-	-	assembly_only_unvalidated	no_read_evidence
EV_a0f4958bc8158f	seq7_5.0	test	R3	motif_substitution	486	489	36	GCC	GTG	2	S2:C>T;S3:C>G	CCG	CCG	0.99999996	moderate	R3|36|motif_substitution|GCC|GTG	0-based_half-open	23	0	0	0	-	0	0.00000000	-	-	assembly_only_unvalidated	no_read_evidence
EV_d985a982905931	seq7_5.0	test	R3	local_insertion	489	493	39	GCC	GAAC	4	INS:GAAC	-	CCG	0.99999980	moderate	R3|39|local_insertion|GCC|GAAC	0-based_half-open	23	0	0	0	-	0	0.00000000	-	-	assembly_only_unvalidated	no_read_evidence
EV_deb611110e7c58	seq7_5.0	test	R3	motif_substitution	493	496	43	GCC	AGC	2	S1:G>A;S2:C>G	CCG	CCG	0.99999993	moderate	R3|43|motif_substitution|GCC|AGC	0-based_half-open	23	0	0	0	-	0	0.00000000	-	-	assembly_only_unvalidated	no_read_evidence
EV_cf084ab745096e	seq7_5.0	test	R3	motif_substitution	496	499	46	GCC	GCA	1	S3:C>A	CCG	CCG	0.99999992	moderate	R3|46|motif_substitution|GCC|GCA	0-based_half-open	23	0	0	0	-	0	0.00000000	-	-	assembly_only_unvalidated	no_read_evidence
EV_1c66cb8ef672b6	seq7_5.0	test	R3	motif_substitution	502	505	52	GCC	GCT	1	S3:C>T	CCG	CCG	0.99999941	moderate	R3|52|motif_substitution|GCC|GCT	0-based_half-open	23	0	0	0	-	0	0.00000000	-	-	assembly_only_unvalidated	no_read_evidence
EV_296e4775ee4138	seq7_5.0	test	R3	motif_substitution	505	508	55	GCC	TCG	2	S1:G>T;S3:C>G	CCG	CCG	0.99999836	moderate	R3|55|motif_substitution|GCC|TCG	0-based_half-open	23	0	0	0	-	0	0.00000000	-	-	assembly_only_unvalidated	no_read_evidence
EV_8d21c0f5dc4b24	seq8_1.0	train	R1	motif_substitution	258	261	0	GCG	GAG	1	S2:C>A	CCG	CCG	0.99987122	high	R1|0|motif_substitution|GCG|GAG	0-based_half-open	9	0	0	0	-	0	0.00000000	-	-	assembly_only_unvalidated	no_read_evidence
EV_16e1b688ba12b5	seq8_1.0	train	R1	motif_substitution	276	279	18	GCG	GCA	1	S3:G>A	CCG	CCG	1.00000000	high	R1|18|motif_substitution|GCG|GCA	0-based_half-open	27	0	0	0	-	0	0.00000000	-	-	assembly_only_unvalidated	no_read_evidence
EV_b02f301b6dcaa6	seq8_1.0	train	R1	motif_substitution	279	282	21	GCG	GCA	1	S3:G>A	CCG	CCG	1.00000000	high	R1|21|motif_substitution|GCG|GCA	0-based_half-open	8	0	0	0	-	0	0.00000000	-	-	assembly_only_unvalidated	no_read_evidence
EV_1c8c2f0a0d58fa	seq8_1.0	train	R2	motif_substitution	306	309	0	CAG	CAA	1	S3:G>A	AGC	AGC	0.99999538	low	R2|0|motif_substitution|CAG|CAA	0-based_half-open	28	0	0	0	-	0	0.00000000	-	-	assembly_only_unvalidated	no_read_evidence
EV_a8d72dc781202d	seq8_1.0	train	R2	motif_substitution	312	315	6	CAG	CAA	1	S3:G>A	AGC	AGC	0.99999900	low	R2|6|motif_substitution|CAG|CAA	0-based_half-open	28	0	0	0	-	0	0.00000000	-	-	assembly_only_unvalidated	no_read_evidence
EV_58b1c9504403fe	seq8_1.0	train	R2	motif_substitution	318	321	12	CAG	CAA	1	S3:G>A	AGC	AGC	0.99999986	low	R2|12|motif_substitution|CAG|CAA	0-based_half-open	25	0	0	0	-	0	0.00000000	-	-	assembly_only_unvalidated	no_read_evidence
EV_9ae2d5f243ce31	seq8_1.0	train	R2	motif_substitution	366	369	60	CAG	CAA	1	S3:G>A	AGC	AGC	0.99999996	low	R2|60|motif_substitution|CAG|CAA	0-based_half-open	13	0	0	0	-	0	0.00000000	-	-	assembly_only_unvalidated	no_read_evidence
EV_71bd43de4176b1	seq8_1.0	train	R2	motif_substitution	393	396	87	CAG	CAA	1	S3:G>A	AGC	AGC	0.75459513	low	R2|87|motif_substitution|CAG|CAA	0-based_half-open	3	0	0	0	-	0	0.00000000	-	-	assembly_only_unvalidated	no_read_evidence
EV_c37df32533ccc0	seq8_1.0	train	R2	motif_substitution	396	399	90	CAG	CAA	1	S3:G>A	AGC	AGC	0.57966890	low	R2|90|motif_substitution|CAG|CAA	0-based_half-open	2	0	0	0	-	0	0.00000000	-	-	assembly_only_unvalidated	no_read_evidence
EV_1e343810e92361	seq8_1.0	train	R3	motif_substitution	477	480	0	GCC	GCT	1	S3:C>T	CCG	CCG	0.62688573	moderate	R3|0|motif_substitution|GCC|GCT	0-based_half-open	28	0	0	0	-	0	0.00000000	-	-	assembly_only_unvalidated	no_read_evidence
EV_07ffa137d4feb3	seq8_1.0	train	R3	motif_substitution	507	510	30	GCC	GCT	1	S3:C>T	CCG	CCG	0.99999999	moderate	R3|30|motif_substitution|GCC|GCT	0-based_half-open	20	0	0	0	-	0	0.00000000	-	-	assembly_only_unvalidated	no_read_evidence
EV_d94936dc2f233e	seq8_1.0	train	R3	motif_substitution	513	516	36	GCC	GTG	2	S2:C>T;S3:C>G	CCG	CCG	0.99999996	moderate	R3|36|motif_substitution|GCC|GTG	0-based_half-open	23	0	0	0	-	0	0.00000000	-	-	assembly_only_unvalidated	no_read_evidence
EV_774d2eff8d1f90	seq8_1.0	train	R3	local_insertion	516	520	39	GCC	GAAC	4	INS:GAAC	-	CCG	0.99999980	moderate	R3|39|local_insertion|GCC|GAAC	0-based_half-open	23	0	0	0	-	0	0.00000000	-	-	assembly_only_unvalidated	no_read_evidence
EV_e9e8a8be314501	seq8_1.0	train	R3	motif_substitution	520	523	43	GCC	AGC	2	S1:G>A;S2:C>G	CCG	CCG	0.99999993	moderate	R3|43|motif_substitution|GCC|AGC	0-based_half-open	23	0	0	0	-	0	0.00000000	-	-	assembly_only_unvalidated	no_read_evidence
EV_04302511809b3b	seq8_1.0	train	R3	motif_substitution	523	526	46	GCC	GCA	1	S3:C>A	CCG	CCG	0.99999992	moderate	R3|46|motif_substitution|GCC|GCA	0-based_half-open	23	0	0	0	-	0	0.00000000	-	-	assembly_only_unvalidated	no_read_evidence
EV_09f85430be1cdf	seq8_1.0	train	R3	motif_substitution	529	532	52	GCC	GCT	1	S3:C>T	CCG	CCG	0.99999941	moderate	R3|52|motif_substitution|GCC|GCT	0-based_half-open	23	0	0	0	-	0	0.00000000	-	-	assembly_only_unvalidated	no_read_evidence
EV_0287003bbb5901	seq8_1.0	train	R3	motif_substitution	532	535	55	GCC	TCG	2	S1:G>T;S3:C>G	CCG	CCG	0.99999836	moderate	R3|55|motif_substitution|GCC|TCG	0-based_half-open	23	0	0	0	-	0	0.00000000	-	-	assembly_only_unvalidated	no_read_evidence
EV_e7953d0bb2894b	seq9_7.0	test	R1	motif_substitution	258	261	0	GCG	GAG	1	S2:C>A	CCG	CCG	0.99987122	high	R1|0|motif_substitution|GCG|GAG	0-based_half-open	9	0	0	0	-	0	0.00000000	-	-	assembly_only_unvalidated	no_read_evidence
EV_51ee507846d6b4	seq9_7.0	test	R1	motif_substitution	276	279	18	GCG	GCA	1	S3:G>A	CCG	CCG	1.00000000	high	R1|18|motif_substitution|GCG|GCA	0-based_half-open	27	0	0	0	-	0	0.00000000	-	-	assembly_only_unvalidated	no_read_evidence
EV_136d0cc9fa6241	seq9_7.0	test	R1	motif_substitution	279	282	21	GCG	GCA	1	S3:G>A	CCG	CCG	1.00000000	high	R1|21|motif_substitution|GCG|GCA	0-based_half-open	8	0	0	0	-	0	0.00000000	-	-	assembly_only_unvalidated	no_read_evidence
EV_2e148fa372ebd5	seq9_7.0	test	R2	motif_substitution	306	309	0	CAG	CAA	1	S3:G>A	AGC	AGC	0.99999755	moderate	R2|0|motif_substitution|CAG|CAA	0-based_half-open	28	0	0	0	-	0	0.00000000	-	-	assembly_only_unvalidated	no_read_evidence
EV_1ef24553d3f569	seq9_7.0	test	R2	motif_substitution	312	315	6	CAG	CAA	1	S3:G>A	AGC	AGC	0.99999976	moderate	R2|6|motif_substitution|CAG|CAA	0-based_half-open	28	0	0	0	-	0	0.00000000	-	-	assembly_only_unvalidated	no_read_evidence
EV_5b4ba0ea48e305	seq9_7.0	test	R2	motif_substitution	318	321	12	CAG	CAA	1	S3:G>A	AGC	AGC	0.99999999	moderate	R2|12|motif_substitution|CAG|CAA	0-based_half-open	25	0	0	0	-	0	0.00000000	-	-	assembly_only_unvalidated	no_read_evidence
EV_c4b8f6813d8c4c	seq9_7.0	test	R2	motif_substitution	354	357	48	CAG	CAA	1	S3:G>A	AGC	AGC	1.00000000	moderate	R2|48|motif_substitution|CAG|CAA	0-based_half-open	1	0	0	0	-	0	0.00000000	-	-	assembly_only_unvalidated	no_read_evidence
EV_257033275c7436	seq9_7.0	test	R2	motif_substitution	381	384	75	CAG	CAA	1	S3:G>A	AGC	AGC	0.92230539	moderate	R2|75|motif_substitution|CAG|CAA	0-based_half-open	1	0	0	0	-	0	0.00000000	-	-	assembly_only_unvalidated	no_read_evidence
EV_ac12422b69866b	seq9_7.0	test	R2	motif_substitution	384	387	78	CAG	CAA	1	S3:G>A	AGC	AGC	0.82155744	moderate	R2|78|motif_substitution|CAG|CAA	0-based_half-open	1	0	0	0	-	0	0.00000000	-	-	assembly_only_unvalidated	no_read_evidence
EV_16b5c488745813	seq9_7.0	test	R3	motif_substitution	465	468	0	GCC	GCT	1	S3:C>T	CCG	CCG	0.62688573	moderate	R3|0|motif_substitution|GCC|GCT	0-based_half-open	28	0	0	0	-	0	0.00000000	-	-	assembly_only_unvalidated	no_read_evidence
EV_273fd2cacc9b04	seq9_7.0	test	R3	motif_substitution	495	498	30	GCC	GCT	1	S3:C>T	CCG	CCG	0.99999999	moderate	R3|30|motif_substitution|GCC|GCT	0-based_half-open	20	0	0	0	-	0	0.00000000	-	-	assembly_only_unvalidated	no_read_evidence
EV_877cd9ca081623	seq9_7.0	test	R3	motif_substitution	501	504	36	GCC	GTG	2	S2:C>T;S3:C>G	CCG	CCG	0.99999996	moderate	R3|36|motif_substitution|GCC|GTG	0-based_half-open	23	0	0	0	-	0	0.00000000	-	-	assembly_only_unvalidated	no_read_evidence
EV_dbcb040dc9332a	seq9_7.0	test	R3	local_insertion	504	508	39	GCC	GAAC	4	INS:GAAC	-	CCG	0.99999980	moderate	R3|39|local_insertion|GCC|GAAC	0-based_half-open	23	0	0	0	-	0	0.00000000	-	-	assembly_only_unvalidated	no_read_evidence
EV_320e38bbf098f4	seq9_7.0	test	R3	motif_substitution	508	511	43	GCC	AGC	2	S1:G>A;S2:C>G	CCG	CCG	0.99999993	moderate	R3|43|motif_substitution|GCC|AGC	0-based_half-open	23	0	0	0	-	0	0.00000000	-	-	assembly_only_unvalidated	no_read_evidence
EV_044ea1c2b27e88	seq9_7.0	test	R3	motif_substitution	511	514	46	GCC	GCA	1	S3:C>A	CCG	CCG	0.99999992	moderate	R3|46|motif_substitution|GCC|GCA	0-based_half-open	23	0	0	0	-	0	0.00000000	-	-	assembly_only_unvalidated	no_read_evidence
EV_37d84fad5f12af	seq9_7.0	test	R3	motif_substitution	517	520	52	GCC	GCT	1	S3:C>T	CCG	CCG	0.99999941	moderate	R3|52|motif_substitution|GCC|GCT	0-based_half-open	23	0	0	0	-	0	0.00000000	-	-	assembly_only_unvalidated	no_read_evidence
EV_7f03d89da919d0	seq9_7.0	test	R3	motif_substitution	520	523	55	GCC	TCG	2	S1:G>T;S3:C>G	CCG	CCG	0.99999836	moderate	R3|55|motif_substitution|GCC|TCG	0-based_half-open	23	0	0	0	-	0	0.00000000	-	-	assembly_only_unvalidated	no_read_evidence
EV_4f83221e5367d6	seq10_1.0	train	R1	motif_substitution	276	279	15	GCG	GCA	1	S3:G>A	CCG	CCG	1.00000000	high	R1|15|motif_substitution|GCG|GCA	0-based_half-open	19	0	0	0	-	0	0.00000000	-	-	assembly_only_unvalidated	no_read_evidence
EV_ea127ab481dbb8	seq10_1.0	train	R1	motif_substitution	279	282	18	GCG	GCA	1	S3:G>A	CCG	CCG	1.00000000	high	R1|18|motif_substitution|GCG|GCA	0-based_half-open	27	0	0	0	-	0	0.00000000	-	-	assembly_only_unvalidated	no_read_evidence
EV_c0e7c8b777a9e4	seq10_1.0	train	R2	motif_substitution	306	309	0	CAG	CAA	1	S3:G>A	AGC	AGC	0.99999614	low	R2|0|motif_substitution|CAG|CAA	0-based_half-open	28	0	0	0	-	0	0.00000000	-	-	assembly_only_unvalidated	no_read_evidence
EV_3a2749074e0bda	seq10_1.0	train	R2	motif_substitution	312	315	6	CAG	CAA	1	S3:G>A	AGC	AGC	0.99999931	low	R2|6|motif_substitution|CAG|CAA	0-based_half-open	28	0	0	0	-	0	0.00000000	-	-	assembly_only_unvalidated	no_read_evidence
EV_c64430bf45439e	seq10_1.0	train	R2	motif_substitution	318	321	12	CAG	CAA	1	S3:G>A	AGC	AGC	0.99999992	low	R2|12|motif_substitution|CAG|CAA	0-based_half-open	25	0	0	0	-	0	0.00000000	-	-	assembly_only_unvalidated	no_read_evidence
EV_a49d9be51b3dde	seq10_1.0	train	R2	motif_substitution	339	342	33	CAG	CAA	1	S3:G>A	AGC	AGC	0.99999999	low	R2|33|motif_substitution|CAG|CAA	0-based_half-open	16	0	0	0	-	0	0.00000000	-	-	assembly_only_unvalidated	no_read_evidence
EV_fe86a03893a824	seq10_1.0	train	R2	motif_substitution	363	366	57	CAG	CAA	1	S3:G>A	AGC	AGC	0.99999999	low	R2|57|motif_substitution|CAG|CAA	0-based_half-open	4	0	0	0	-	0	0.00000000	-	-	assembly_only_unvalidated	no_read_evidence
EV_7853ba68ac327a	seq10_1.0	train	R2	motif_substitution	390	393	84	CAG	CAA	1	S3:G>A	AGC	AGC	0.81039118	low	R2|84|motif_substitution|CAG|CAA	0-based_half-open	1	0	0	0	-	0	0.00000000	-	-	assembly_only_unvalidated	no_read_evidence
EV_fad84c32a31ac3	seq10_1.0	train	R2	motif_substitution	393	396	87	CAG	CAA	1	S3:G>A	AGC	AGC	0.65256259	low	R2|87|motif_substitution|CAG|CAA	0-based_half-open	3	0	0	0	-	0	0.00000000	-	-	assembly_only_unvalidated	no_read_evidence
EV_8c13a1ecf3885f	seq10_1.0	train	R3	motif_substitution	474	477	0	GCC	GCT	1	S3:C>T	CCG	CCG	0.62688573	moderate	R3|0|motif_substitution|GCC|GCT	0-based_half-open	28	0	0	0	-	0	0.00000000	-	-	assembly_only_unvalidated	no_read_evidence
EV_cb62607358ba6a	seq10_1.0	train	R3	motif_substitution	504	507	30	GCC	GCT	1	S3:C>T	CCG	CCG	0.99999999	moderate	R3|30|motif_substitution|GCC|GCT	0-based_half-open	20	0	0	0	-	0	0.00000000	-	-	assembly_only_unvalidated	no_read_evidence
EV_a70fec66924f9f	seq10_1.0	train	R3	motif_substitution	510	513	36	GCC	GTG	2	S2:C>T;S3:C>G	CCG	CCG	0.99999996	moderate	R3|36|motif_substitution|GCC|GTG	0-based_half-open	23	0	0	0	-	0	0.00000000	-	-	assembly_only_unvalidated	no_read_evidence
EV_83ab6b6212755c	seq10_1.0	train	R3	local_insertion	513	517	39	GCC	GAAC	4	INS:GAAC	-	CCG	0.99999980	moderate	R3|39|local_insertion|GCC|GAAC	0-based_half-open	23	0	0	0	-	0	0.00000000	-	-	assembly_only_unvalidated	no_read_evidence
EV_9efaed5f0f4b18	seq10_1.0	train	R3	motif_substitution	517	520	43	GCC	AGC	2	S1:G>A;S2:C>G	CCG	CCG	0.99999993	moderate	R3|43|motif_substitution|GCC|AGC	0-based_half-open	23	0	0	0	-	0	0.00000000	-	-	assembly_only_unvalidated	no_read_evidence
EV_56d81278b23cec	seq10_1.0	train	R3	motif_substitution	520	523	46	GCC	GCA	1	S3:C>A	CCG	CCG	0.99999992	moderate	R3|46|motif_substitution|GCC|GCA	0-based_half-open	23	0	0	0	-	0	0.00000000	-	-	assembly_only_unvalidated	no_read_evidence
EV_b643753585cb09	seq10_1.0	train	R3	motif_substitution	526	529	52	GCC	GCT	1	S3:C>T	CCG	CCG	0.99999941	moderate	R3|52|motif_substitution|GCC|GCT	0-based_half-open	23	0	0	0	-	0	0.00000000	-	-	assembly_only_unvalidated	no_read_evidence
EV_6ab52a9208b1d3	seq10_1.0	train	R3	motif_substitution	529	532	55	GCC	TCG	2	S1:G>T;S3:C>G	CCG	CCG	0.99999836	moderate	R3|55|motif_substitution|GCC|TCG	0-based_half-open	23	0	0	0	-	0	0.00000000	-	-	assembly_only_unvalidated	no_read_evidence
EV_d37fae1a6a3a6b	seq11_1.0	train	R1	motif_substitution	276	279	15	GCG	GCA	1	S3:G>A	CCG	CCG	1.00000000	high	R1|15|motif_substitution|GCG|GCA	0-based_half-open	19	0	0	0	-	0	0.00000000	-	-	assembly_only_unvalidated	no_read_evidence
EV_9afe43492dbfc5	seq11_1.0	train	R1	motif_substitution	279	282	18	GCG	GCA	1	S3:G>A	CCG	CCG	1.00000000	high	R1|18|motif_substitution|GCG|GCA	0-based_half-open	27	0	0	0	-	0	0.00000000	-	-	assembly_only_unvalidated	no_read_evidence
EV_14264df14b23a9	seq11_1.0	train	R2	motif_substitution	306	309	0	CAG	CAA	1	S3:G>A	AGC	AGC	0.99999882	moderate	R2|0|motif_substitution|CAG|CAA	0-based_half-open	28	0	0	0	-	0	0.00000000	-	-	assembly_only_unvalidated	no_read_evidence
EV_4114b93194e8a9	seq11_1.0	train	R2	motif_substitution	312	315	6	CAG	CAA	1	S3:G>A	AGC	AGC	0.99999996	moderate	R2|6|motif_substitution|CAG|CAA	0-based_half-open	28	0	0	0	-	0	0.00000000	-	-	assembly_only_unvalidated	no_read_evidence
EV_6da7a38cdab188	seq11_1.0	train	R2	motif_substitution	318	321	12	CAG	CAA	1	S3:G>A	AGC	AGC	1.00000000	moderate	R2|12|motif_substitution|CAG|CAA	0-based_half-open	25	0	0	0	-	0	0.00000000	-	-	assembly_only_unvalidated	no_read_evidence
EV_6f50f15bea7447	seq11_1.0	train	R2	motif_substitution	339	342	33	CAG	CAA	1	S3:G>A	AGC	AGC	1.00000000	moderate	R2|33|motif_substitution|CAG|CAA	0-based_half-open	16	0	0	0	-	0	0.00000000	-	-	assembly_only_unvalidated	no_read_evidence
EV_d554e8823a8172	seq11_1.0	train	R2	motif_substitution	366	369	60	CAG	CAA	1	S3:G>A	AGC	AGC	0.98606401	moderate	R2|60|motif_substitution|CAG|CAA	0-based_half-open	13	0	0	0	-	0	0.00000000	-	-	assembly_only_unvalidated	no_read_evidence
EV_6a34f0bd940f61	seq11_1.0	train	R2	motif_substitution	369	372	63	CAG	CAA	1	S3:G>A	AGC	AGC	0.94998258	moderate	R2|63|motif_substitution|CAG|CAA	0-based_half-open	18	0	0	0	-	0	0.00000000	-	-	assembly_only_unvalidated	no_read_evidence
EV_a074afd7e41df3	seq11_1.0	train	R3	motif_substitution	450	453	0	GCC	GCT	1	S3:C>T	CCG	CCG	0.59284143	moderate	R3|0|motif_substitution|GCC|GCT	0-based_half-open	28	0	0	0	-	0	0.00000000	-	-	assembly_only_unvalidated	no_read_evidence
EV_ebec375b0ffc59	seq11_1.0	train	R3	motif_substitution	483	486	33	GCC	GCT	1	S3:C>T	CCG	CCG	0.99999997	moderate	R3|33|motif_substitution|GCC|GCT	0-based_half-open	1	0	0	0	-	0	0.00000000	-	-	assembly_only_unvalidated	no_read_evidence
EV_71ae99a812ba39	seq11_1.0	train	R3	motif_substitution	489	492	39	GCC	GTG	2	S2:C>T;S3:C>G	CCG	CCG	0.99999991	moderate	R3|39|motif_substitution|GCC|GTG	0-based_half-open	1	0	0	0	-	0	0.00000000	-	-	assembly_only_unvalidated	no_read_evidence
EV_d59f9e5732b24e	seq11_1.0	train	R3	local_insertion	492	496	42	GCC	GAAC	4	INS:GAAC	-	CCG	0.99999963	moderate	R3|42|local_insertion|GCC|GAAC	0-based_half-open	1	0	0	0	-	0	0.00000000	-	-	assembly_only_unvalidated	no_read_evidence
EV_ac07adce4490af	seq11_1.0	train	R3	motif_substitution	496	499	46	GCC	AGC	2	S1:G>A;S2:C>G	CCG	CCG	0.99999986	moderate	R3|46|motif_substitution|GCC|AGC	0-based_half-open	1	0	0	0	-	0	0.00000000	-	-	assembly_only_unvalidated	no_read_evidence
EV_ad3933817eb9ea	seq11_1.0	train	R3	motif_substitution	499	502	49	GCC	GCA	1	S3:C>A	CCG	CCG	0.99999986	moderate	R3|49|motif_substitution|GCC|GCA	0-based_half-open	1	0	0	0	-	0	0.00000000	-	-	assembly_only_unvalidated	no_read_evidence
EV_14384f36268808	seq11_1.0	train	R3	motif_substitution	505	508	55	GCC	GCT	1	S3:C>T	CCG	CCG	0.99999920	moderate	R3|55|motif_substitution|GCC|GCT	0-based_half-open	1	0	0	0	-	0	0.00000000	-	-	assembly_only_unvalidated	no_read_evidence
EV_3b5fb37cb8087f	seq11_1.0	train	R3	motif_substitution	508	511	58	GCC	TCG	2	S1:G>T;S3:C>G	CCG	CCG	0.99999802	moderate	R3|58|motif_substitution|GCC|TCG	0-based_half-open	1	0	0	0	-	0	0.00000000	-	-	assembly_only_unvalidated	no_read_evidence
EV_7e540abd2a06d8	seq12_1.0	train	R1	motif_substitution	258	261	0	GCG	GAG	1	S2:C>A	CCG	CCG	0.99990194	high	R1|0|motif_substitution|GCG|GAG	0-based_half-open	9	0	0	0	-	0	0.00000000	-	-	assembly_only_unvalidated	no_read_evidence
EV_c077b69b348cc2	seq12_1.0	train	R1	foreign_family_interruption	276	279	18	GCG	GCA	3	INS:GCA	AGC	CCG	0.99999992	high	R1|18|foreign_family_interruption|GCG|GCA	0-based_half-open	1	0	0	0	-	0	0.00000000	-	-	assembly_only_unvalidated	no_read_evidence
EV_2cc071e7658fc2	seq12_1.0	train	R1	foreign_family_interruption	279	282	21	GCG	GCA	3	INS:GCA	AGC	CCG	0.99999992	high	R1|21|foreign_family_interruption|GCG|GCA	0-based_half-open	1	0	0	0	-	0	0.00000000	-	-	assembly_only_unvalidated	no_read_evidence
EV_65812c867b8cec	seq12_1.0	train	R1	motif_substitution	288	291	30	GCG	GCT	1	S3:G>T	CCG	CCG	1.00000000	high	R1|30|motif_substitution|GCG|GCT	0-based_half-open	1	0	0	0	-	0	0.00000000	-	-	assembly_only_unvalidated	no_read_evidence
EV_a7a33ac72d81d8	seq12_1.0	train	R2	motif_substitution	306	309	0	CAG	CAA	1	S3:G>A	AGC	AGC	0.99999866	moderate	R2|0|motif_substitution|CAG|CAA	0-based_half-open	28	0	0	0	-	0	0.00000000	-	-	assembly_only_unvalidated	no_read_evidence
EV_b32920ed4a00e9	seq12_1.0	train	R2	motif_substitution	312	315	6	CAG	CAA	1	S3:G>A	AGC	AGC	0.99999995	moderate	R2|6|motif_substitution|CAG|CAA	0-based_half-open	28	0	0	0	-	0	0.00000000	-	-	assembly_only_unvalidated	no_read_evidence
EV_9956362bb6fa6f	seq12_1.0	train	R2	motif_substitution	318	321	12	CAG	CAA	1	S3:G>A	AGC	AGC	1.00000000	moderate	R2|12|motif_substitution|CAG|CAA	0-based_half-open	25	0	0	0	-	0	0.00000000	-	-	assembly_only_unvalidated	no_read_evidence
EV_45d69e93b47923	seq12_1.0	train	R2	motif_substitution	342	345	36	CAG	CAA	1	S3:G>A	AGC	AGC	1.00000000	moderate	R2|36|motif_substitution|CAG|CAA	0-based_half-open	6	0	0	0	-	0	0.00000000	-	-	assembly_only_unvalidated	no_read_evidence
EV_05fee0a58130ca	seq12_1.0	train	R2	motif_substitution	369	372	63	CAG	CAA	1	S3:G>A	AGC	AGC	0.98008916	moderate	R2|63|motif_substitution|CAG|CAA	0-based_half-open	18	0	0	0	-	0	0.00000000	-	-	assembly_only_unvalidated	no_read_evidence
EV_518b6bb8a8cf14	seq12_1.0	train	R2	motif_substitution	372	375	66	CAG	CAA	1	S3:G>A	AGC	AGC	0.93504773	moderate	R2|66|motif_substitution|CAG|CAA	0-based_half-open	11	0	0	0	-	0	0.00000000	-	-	assembly_only_unvalidated	no_read_evidence
EV_6e903cd7153adf	seq12_1.0	train	R3	motif_substitution	453	456	0	GCC	GCT	1	S3:C>T	CCG	CCG	0.62688573	moderate	R3|0|motif_substitution|GCC|GCT	0-based_half-open	28	0	0	0	-	0	0.00000000	-	-	assembly_only_unvalidated	no_read_evidence
EV_4fe3d898f0ee75	seq12_1.0	train	R3	motif_substitution	483	486	30	GCC	GCT	1	S3:C>T	CCG	CCG	0.99999999	moderate	R3|30|motif_substitution|GCC|GCT	0-based_half-open	20	0	0	0	-	0	0.00000000	-	-	assembly_only_unvalidated	no_read_evidence
EV_57341af523251f	seq12_1.0	train	R3	motif_substitution	489	492	36	GCC	GTG	2	S2:C>T;S3:C>G	CCG	CCG	0.99999996	moderate	R3|36|motif_substitution|GCC|GTG	0-based_half-open	23	0	0	0	-	0	0.00000000	-	-	assembly_only_unvalidated	no_read_evidence
EV_e4bbaf8af93958	seq12_1.0	train	R3	local_insertion	492	496	39	GCC	GAAC	4	INS:GAAC	-	CCG	0.99999980	moderate	R3|39|local_insertion|GCC|GAAC	0-based_half-open	23	0	0	0	-	0	0.00000000	-	-	assembly_only_unvalidated	no_read_evidence
EV_b638c9daf7730e	seq12_1.0	train	R3	motif_substitution	496	499	43	GCC	AGC	2	S1:G>A;S2:C>G	CCG	CCG	0.99999993	moderate	R3|43|motif_substitution|GCC|AGC	0-based_half-open	23	0	0	0	-	0	0.00000000	-	-	assembly_only_unvalidated	no_read_evidence
EV_039198313444f3	seq12_1.0	train	R3	motif_substitution	499	502	46	GCC	GCA	1	S3:C>A	CCG	CCG	0.99999992	moderate	R3|46|motif_substitution|GCC|GCA	0-based_half-open	23	0	0	0	-	0	0.00000000	-	-	assembly_only_unvalidated	no_read_evidence
EV_8f1373be5b1e2f	seq12_1.0	train	R3	motif_substitution	505	508	52	GCC	GCT	1	S3:C>T	CCG	CCG	0.99999941	moderate	R3|52|motif_substitution|GCC|GCT	0-based_half-open	23	0	0	0	-	0	0.00000000	-	-	assembly_only_unvalidated	no_read_evidence
EV_f686c43ec22507	seq12_1.0	train	R3	motif_substitution	508	511	55	GCC	TCG	2	S1:G>T;S3:C>G	CCG	CCG	0.99999836	moderate	R3|55|motif_substitution|GCC|TCG	0-based_half-open	23	0	0	0	-	0	0.00000000	-	-	assembly_only_unvalidated	no_read_evidence
EV_0d3c196b305faf	seq13_2.0	tune	R1	motif_substitution	276	279	15	GCG	GCA	1	S3:G>A	CCG	CCG	1.00000000	high	R1|15|motif_substitution|GCG|GCA	0-based_half-open	19	0	0	0	-	0	0.00000000	-	-	assembly_only_unvalidated	no_read_evidence
EV_349446ed395595	seq13_2.0	tune	R1	motif_substitution	279	282	18	GCG	GCA	1	S3:G>A	CCG	CCG	1.00000000	high	R1|18|motif_substitution|GCG|GCA	0-based_half-open	27	0	0	0	-	0	0.00000000	-	-	assembly_only_unvalidated	no_read_evidence
EV_e81ed1245305a3	seq13_2.0	tune	R2	motif_substitution	306	309	0	CAG	CAA	1	S3:G>A	AGC	AGC	0.99999882	moderate	R2|0|motif_substitution|CAG|CAA	0-based_half-open	28	0	0	0	-	0	0.00000000	-	-	assembly_only_unvalidated	no_read_evidence
EV_1cddd3a5d4c157	seq13_2.0	tune	R2	motif_substitution	312	315	6	CAG	CAA	1	S3:G>A	AGC	AGC	0.99999996	moderate	R2|6|motif_substitution|CAG|CAA	0-based_half-open	28	0	0	0	-	0	0.00000000	-	-	assembly_only_unvalidated	no_read_evidence
EV_75454f0b4b763e	seq13_2.0	tune	R2	motif_substitution	318	321	12	CAG	CAA	1	S3:G>A	AGC	AGC	1.00000000	moderate	R2|12|motif_substitution|CAG|CAA	0-based_half-open	25	0	0	0	-	0	0.00000000	-	-	assembly_only_unvalidated	no_read_evidence
EV_4281ef6b962dc0	seq13_2.0	tune	R2	motif_substitution	339	342	33	CAG	CAA	1	S3:G>A	AGC	AGC	1.00000000	moderate	R2|33|motif_substitution|CAG|CAA	0-based_half-open	16	0	0	0	-	0	0.00000000	-	-	assembly_only_unvalidated	no_read_evidence
EV_76dabe3ec3e129	seq13_2.0	tune	R2	motif_substitution	366	369	60	CAG	CAA	1	S3:G>A	AGC	AGC	0.98606401	moderate	R2|60|motif_substitution|CAG|CAA	0-based_half-open	13	0	0	0	-	0	0.00000000	-	-	assembly_only_unvalidated	no_read_evidence
EV_08d6687b8824d9	seq13_2.0	tune	R2	motif_substitution	369	372	63	CAG	CAA	1	S3:G>A	AGC	AGC	0.94998258	moderate	R2|63|motif_substitution|CAG|CAA	0-based_half-open	18	0	0	0	-	0	0.00000000	-	-	assembly_only_unvalidated	no_read_evidence
EV_4cfcfc745988a5	seq13_2.0	tune	R3	motif_substitution	450	453	0	GCC	GCT	1	S3:C>T	CCG	CCG	0.62688573	moderate	R3|0|motif_substitution|GCC|GCT	0-based_half-open	28	0	0	0	-	0	0.00000000	-	-	assembly_only_unvalidated	no_read_evidence
EV_e9afc1b022ccd8	seq13_2.0	tune	R3	motif_substitution	480	483	30	GCC	GCT	1	S3:C>T	CCG	CCG	0.99999999	moderate	R3|30|motif_substitution|GCC|GCT	0-based_half-open	20	0	0	0	-	0	0.00000000	-	-	assembly_only_unvalidated	no_read_evidence
EV_8b8ebec5aca0ef	seq13_2.0	tune	R3	motif_substitution	486	489	36	GCC	GTG	2	S2:C>T;S3:C>G	CCG	CCG	0.99999996	moderate	R3|36|motif_substitution|GCC|GTG	0-based_half-open	23	0	0	0	-	0	0.00000000	-	-	assembly_only_unvalidated	no_read_evidence
EV_f64fa602937b39	seq13_2.0	tune	R3	local_insertion	489	493	39	GCC	GAAC	4	INS:GAAC	-	CCG	0.99999980	moderate	R3|39|local_insertion|GCC|GAAC	0-based_half-open	23	0	0	0	-	0	0.00000000	-	-	assembly_only_unvalidated	no_read_evidence
EV_17bd0ad0c6cc07	seq13_2.0	tune	R3	motif_substitution	493	496	43	GCC	AGC	2	S1:G>A;S2:C>G	CCG	CCG	0.99999993	moderate	R3|43|motif_substitution|GCC|AGC	0-based_half-open	23	0	0	0	-	0	0.00000000	-	-	assembly_only_unvalidated	no_read_evidence
EV_9f5d0b6b8c9388	seq13_2.0	tune	R3	motif_substitution	496	499	46	GCC	GCA	1	S3:C>A	CCG	CCG	0.99999992	moderate	R3|46|motif_substitution|GCC|GCA	0-based_half-open	23	0	0	0	-	0	0.00000000	-	-	assembly_only_unvalidated	no_read_evidence
EV_ee9b0e059bab78	seq13_2.0	tune	R3	motif_substitution	502	505	52	GCC	GCT	1	S3:C>T	CCG	CCG	0.99999941	moderate	R3|52|motif_substitution|GCC|GCT	0-based_half-open	23	0	0	0	-	0	0.00000000	-	-	assembly_only_unvalidated	no_read_evidence
EV_fce04429a8e73d	seq13_2.0	tune	R3	motif_substitution	505	508	55	GCC	TCG	2	S1:G>T;S3:C>G	CCG	CCG	0.99999836	moderate	R3|55|motif_substitution|GCC|TCG	0-based_half-open	23	0	0	0	-	0	0.00000000	-	-	assembly_only_unvalidated	no_read_evidence
EV_3487dd461a654d	seq14_1.0	train	R1	motif_substitution	258	261	0	GCG	GAG	1	S2:C>A	CCG	CCG	0.99987122	high	R1|0|motif_substitution|GCG|GAG	0-based_half-open	9	0	0	0	-	0	0.00000000	-	-	assembly_only_unvalidated	no_read_evidence
EV_9ac1fb59690aa9	seq14_1.0	train	R1	motif_substitution	276	279	18	GCG	GCA	1	S3:G>A	CCG	CCG	1.00000000	high	R1|18|motif_substitution|GCG|GCA	0-based_half-open	27	0	0	0	-	0	0.00000000	-	-	assembly_only_unvalidated	no_read_evidence
EV_6d1e194dca8da1	seq14_1.0	train	R1	motif_substitution	279	282	21	GCG	GCA	1	S3:G>A	CCG	CCG	1.00000000	high	R1|21|motif_substitution|GCG|GCA	0-based_half-open	8	0	0	0	-	0	0.00000000	-	-	assembly_only_unvalidated	no_read_evidence
EV_bd832959fe66b1	seq14_1.0	train	R2	motif_substitution	306	309	0	CAG	CAA	1	S3:G>A	AGC	AGC	0.99999909	moderate	R2|0|motif_substitution|CAG|CAA	0-based_half-open	28	0	0	0	-	0	0.00000000	-	-	assembly_only_unvalidated	no_read_evidence
EV_bef8aefac69be6	seq14_1.0	train	R2	motif_substitution	312	315	6	CAG	CAA	1	S3:G>A	AGC	AGC	0.99999998	moderate	R2|6|motif_substitution|CAG|CAA	0-based_half-open	28	0	0	0	-	0	0.00000000	-	-	assembly_only_unvalidated	no_read_evidence
EV_35240285d82e30	seq14_1.0	train	R2	motif_substitution	318	321	12	CAG	CAA	1	S3:G>A	AGC	AGC	1.00000000	moderate	R2|12|motif_substitution|CAG|CAA	0-based_half-open	25	0	0	0	-	0	0.00000000	-	-	assembly_only_unvalidated	no_read_evidence
EV_bc8a6689dd0958	seq14_1.0	train	R2	motif_substitution	360	363	54	CAG	CAA	1	S3:G>A	AGC	AGC	0.99324562	moderate	R2|54|motif_substitution|CAG|CAA	0-based_half-open	2	0	0	0	-	0	0.00000000	-	-	assembly_only_unvalidated	no_read_evidence
EV_c9bdd7b3dac4bc	seq14_1.0	train	R2	motif_substitution	363	366	57	CAG	CAA	1	S3:G>A	AGC	AGC	0.97041911	moderate	R2|57|motif_substitution|CAG|CAA	0-based_half-open	4	0	0	0	-	0	0.00000000	-	-	assembly_only_unvalidated	no_read_evidence
EV_85a68fbe3f8ace	seq14_1.0	train	R3	motif_substitution	444	447	0	GCC	GCT	1	S3:C>T	CCG	CCG	0.62688573	moderate	R3|0|motif_substitution|GCC|GCT	0-based_half-open	28	0	0	0	-	0	0.00000000	-	-	assembly_only_unvalidated	no_read_evidence
EV_43e81235f0d2c0	seq14_1.0	train	R3	motif_substitution	474	477	30	GCC	GCT	1	S3:C>T	CCG	CCG	0.99999999	moderate	R3|30|motif_substitution|GCC|GCT	0-based_half-open	20	0	0	0	-	0	0.00000000	-	-	assembly_only_unvalidated	no_read_evidence
EV_b62c6cfc02bcb3	seq14_1.0	train	R3	motif_substitution	480	483	36	GCC	GTG	2	S2:C>T;S3:C>G	CCG	CCG	0.99999996	moderate	R3|36|motif_substitution|GCC|GTG	0-based_half-open	23	0	0	0	-	0	0.00000000	-	-	assembly_only_unvalidated	no_read_evidence
EV_0acf6a6f1ebdd4	seq14_1.0	train	R3	local_insertion	483	487	39	GCC	GAAC	4	INS:GAAC	-	CCG	0.99999980	moderate	R3|39|local_insertion|GCC|GAAC	0-based_half-open	23	0	0	0	-	0	0.00000000	-	-	assembly_only_unvalidated	no_read_evidence
EV_537db824cd69b6	seq14_1.0	train	R3	motif_substitution	487	490	43	GCC	AGC	2	S1:G>A;S2:C>G	CCG	CCG	0.99999993	moderate	R3|43|motif_substitution|GCC|AGC	0-based_half-open	23	0	0	0	-	0	0.00000000	-	-	assembly_only_unvalidated	no_read_evidence
EV_a6d41be59ddce9	seq14_1.0	train	R3	motif_substitution	490	493	46	GCC	GCA	1	S3:C>A	CCG	CCG	0.99999992	moderate	R3|46|motif_substitution|GCC|GCA	0-based_half-open	23	0	0	0	-	0	0.00000000	-	-	assembly_only_unvalidated	no_read_evidence
EV_a7fd59abbcfb97	seq14_1.0	train	R3	motif_substitution	496	499	52	GCC	GCT	1	S3:C>T	CCG	CCG	0.99999941	moderate	R3|52|motif_substitution|GCC|GCT	0-based_half-open	23	0	0	0	-	0	0.00000000	-	-	assembly_only_unvalidated	no_read_evidence
EV_e79c7e92ef1ae2	seq14_1.0	train	R3	motif_substitution	499	502	55	GCC	TCG	2	S1:G>T;S3:C>G	CCG	CCG	0.99999836	moderate	R3|55|motif_substitution|GCC|TCG	0-based_half-open	23	0	0	0	-	0	0.00000000	-	-	assembly_only_unvalidated	no_read_evidence
EV_b3b05fe746c04a	seq15_2.5	test	R1	motif_substitution	258	261	0	GCG	GAG	1	S2:C>A	CCG	CCG	0.99987122	high	R1|0|motif_substitution|GCG|GAG	0-based_half-open	9	0	0	0	-	0	0.00000000	-	-	assembly_only_unvalidated	no_read_evidence
EV_7a9e4adf8c039e	seq15_2.5	test	R1	motif_substitution	276	279	18	GCG	GCA	1	S3:G>A	CCG	CCG	1.00000000	high	R1|18|motif_substitution|GCG|GCA	0-based_half-open	27	0	0	0	-	0	0.00000000	-	-	assembly_only_unvalidated	no_read_evidence
EV_928fc9b85403a1	seq15_2.5	test	R1	motif_substitution	279	282	21	GCG	GCA	1	S3:G>A	CCG	CCG	1.00000000	high	R1|21|motif_substitution|GCG|GCA	0-based_half-open	8	0	0	0	-	0	0.00000000	-	-	assembly_only_unvalidated	no_read_evidence
EV_7990b345578a44	seq15_2.5	test	R2	motif_substitution	306	309	0	CAG	CAA	1	S3:G>A	AGC	AGC	0.99999863	moderate	R2|0|motif_substitution|CAG|CAA	0-based_half-open	28	0	0	0	-	0	0.00000000	-	-	assembly_only_unvalidated	no_read_evidence
EV_1031f40f4f30de	seq15_2.5	test	R2	motif_substitution	312	315	6	CAG	CAA	1	S3:G>A	AGC	AGC	0.99999995	moderate	R2|6|motif_substitution|CAG|CAA	0-based_half-open	28	0	0	0	-	0	0.00000000	-	-	assembly_only_unvalidated	no_read_evidence
EV_5a5c35ff838f7f	seq15_2.5	test	R2	motif_substitution	318	321	12	CAG	CAA	1	S3:G>A	AGC	AGC	1.00000000	moderate	R2|12|motif_substitution|CAG|CAA	0-based_half-open	25	0	0	0	-	0	0.00000000	-	-	assembly_only_unvalidated	no_read_evidence
EV_9e68776cd2edb8	seq15_2.5	test	R2	motif_substitution	342	345	36	CAG	CAA	1	S3:G>A	AGC	AGC	1.00000000	moderate	R2|36|motif_substitution|CAG|CAA	0-based_half-open	6	0	0	0	-	0	0.00000000	-	-	assembly_only_unvalidated	no_read_evidence
EV_e5637407ce604d	seq15_2.5	test	R2	motif_substitution	369	372	63	CAG	CAA	1	S3:G>A	AGC	AGC	0.98008916	moderate	R2|63|motif_substitution|CAG|CAA	0-based_half-open	18	0	0	0	-	0	0.00000000	-	-	assembly_only_unvalidated	no_read_evidence
EV_1877cbe97c9b9d	seq15_2.5	test	R2	motif_substitution	372	375	66	CAG	CAA	1	S3:G>A	AGC	AGC	0.93504773	moderate	R2|66|motif_substitution|CAG|CAA	0-based_half-open	11	0	0	0	-	0	0.00000000	-	-	assembly_only_unvalidated	no_read_evidence
EV_4cb0f3d0ec976e	seq15_2.5	test	R3	motif_substitution	453	456	0	GCC	GCT	1	S3:C>T	CCG	CCG	0.71821114	moderate	R3|0|motif_substitution|GCC|GCT	0-based_half-open	28	0	0	0	-	0	0.00000000	-	-	assembly_only_unvalidated	no_read_evidence
EV_7789390e741eb2	seq15_2.5	test	R3	motif_substitution	474	477	21	GCC	GCT	1	S3:C>T	CCG	CCG	1.00000000	moderate	R3|21|motif_substitution|GCC|GCT	0-based_half-open	1	0	0	0	-	0	0.00000000	-	-	assembly_only_unvalidated	no_read_evidence
EV_37395b2ee2677c	seq15_2.5	test	R3	motif_substitution	480	483	27	GCC	GTG	2	S2:C>T;S3:C>G	CCG	CCG	0.99999999	moderate	R3|27|motif_substitution|GCC|GTG	0-based_half-open	1	0	0	0	-	0	0.00000000	-	-	assembly_only_unvalidated	no_read_evidence
EV_390a7ec97c682e	seq15_2.5	test	R3	local_insertion	483	487	30	GCC	GAAC	4	INS:GAAC	-	CCG	0.99999997	moderate	R3|30|local_insertion|GCC|GAAC	0-based_half-open	1	0	0	0	-	0	0.00000000	-	-	assembly_only_unvalidated	no_read_evidence
EV_9eff36d676f730	seq15_2.5	test	R3	motif_substitution	487	490	34	GCC	AGC	2	S1:G>A;S2:C>G	CCG	CCG	0.99999999	moderate	R3|34|motif_substitution|GCC|AGC	0-based_half-open	1	0	0	0	-	0	0.00000000	-	-	assembly_only_unvalidated	no_read_evidence
EV_c0c90f7956bba8	seq15_2.5	test	R3	motif_substitution	490	493	37	GCC	GCA	1	S3:C>A	CCG	CCG	0.99999999	moderate	R3|37|motif_substitution|GCC|GCA	0-based_half-open	1	0	0	0	-	0	0.00000000	-	-	assembly_only_unvalidated	no_read_evidence
EV_5528bb694b906f	seq15_2.5	test	R3	motif_substitution	496	499	43	GCC	GCT	1	S3:C>T	CCG	CCG	0.99999975	moderate	R3|43|motif_substitution|GCC|GCT	0-based_half-open	1	0	0	0	-	0	0.00000000	-	-	assembly_only_unvalidated	no_read_evidence
EV_d6facd2e74f121	seq15_2.5	test	R3	motif_substitution	499	502	46	GCC	TCG	2	S1:G>T;S3:C>G	CCG	CCG	0.99999901	moderate	R3|46|motif_substitution|GCC|TCG	0-based_half-open	1	0	0	0	-	0	0.00000000	-	-	assembly_only_unvalidated	no_read_evidence
EV_4dd1b5a2cef61c	seq16_1.0	tune	R1	motif_substitution	276	279	15	GCG	GCA	1	S3:G>A	CCG	CCG	1.00000000	high	R1|15|motif_substitution|GCG|GCA	0-based_half-open	19	0	0	0	-	0	0.00000000	-	-	assembly_only_unvalidated	no_read_evidence
EV_cd575ac5c58a55	seq16_1.0	tune	R1	motif_substitution	279	282	18	GCG	GCA	1	S3:G>A	CCG	CCG	1.00000000	high	R1|18|motif_substitution|GCG|GCA	0-based_half-open	27	0	0	0	-	0	0.00000000	-	-	assembly_only_unvalidated	no_read_evidence
EV_fca913e3a21345	seq16_1.0	tune	R2	motif_substitution	306	309	0	CAG	CAA	1	S3:G>A	AGC	AGC	0.99999555	low	R2|0|motif_substitution|CAG|CAA	0-based_half-open	28	0	0	0	-	0	0.00000000	-	-	assembly_only_unvalidated	no_read_evidence
EV_1bb15dcb8eb2ed	seq16_1.0	tune	R2	motif_substitution	312	315	6	CAG	CAA	1	S3:G>A	AGC	AGC	0.99999912	low	R2|6|motif_substitution|CAG|CAA	0-based_half-open	28	0	0	0	-	0	0.00000000	-	-	assembly_only_unvalidated	no_read_evidence
EV_4e7ea919e180f5	seq16_1.0	tune	R2	motif_substitution	339	342	33	CAG	CAA	1	S3:G>A	AGC	AGC	0.99999997	low	R2|33|motif_substitution|CAG|CAA	0-based_half-open	16	0	0	0	-	0	0.00000000	-	-	assembly_only_unvalidated	no_read_evidence
EV_0fc91ac4fa0f14	seq16_1.0	tune	R2	motif_substitution	366	369	60	CAG	CAA	1	S3:G>A	AGC	AGC	0.99999996	low	R2|60|motif_substitution|CAG|CAA	0-based_half-open	13	0	0	0	-	0	0.00000000	-	-	assembly_only_unvalidated	no_read_evidence
EV_9b3a7ede896bb3	seq16_1.0	tune	R2	motif_substitution	393	396	87	CAG	CAA	1	S3:G>A	AGC	AGC	0.75459511	low	R2|87|motif_substitution|CAG|CAA	0-based_half-open	3	0	0	0	-	0	0.00000000	-	-	assembly_only_unvalidated	no_read_evidence
EV_d0a13a364af75c	seq16_1.0	tune	R2	motif_substitution	396	399	90	CAG	CAA	1	S3:G>A	AGC	AGC	0.57966887	low	R2|90|motif_substitution|CAG|CAA	0-based_half-open	2	0	0	0	-	0	0.00000000	-	-	assembly_only_unvalidated	no_read_evidence
EV_ab088927711bf3	seq16_1.0	tune	R3	motif_substitution	477	480	0	GCC	GCT	1	S3:C>T	CCG	CCG	0.65919458	moderate	R3|0|motif_substitution|GCC|GCT	0-based_half-open	28	0	0	0	-	0	0.00000000	-	-	assembly_only_unvalidated	no_read_evidence
EV_709a82b723f91b	seq16_1.0	tune	R3	motif_substitution	504	507	27	GCC	GCT	1	S3:C>T	CCG	CCG	1.00000000	moderate	R3|27|motif_substitution|GCC|GCT	0-based_half-open	3	0	0	0	-	0	0.00000000	-	-	assembly_only_unvalidated	no_read_evidence
EV_b354f74057ef64	seq16_1.0	tune	R3	motif_substitution	510	513	33	GCC	GTG	2	S2:C>T;S3:C>G	CCG	CCG	0.99999998	moderate	R3|33|motif_substitution|GCC|GTG	0-based_half-open	3	0	0	0	-	0	0.00000000	-	-	assembly_only_unvalidated	no_read_evidence
EV_ad5e083fa609f1	seq16_1.0	tune	R3	local_insertion	513	517	36	GCC	GAAC	4	INS:GAAC	-	CCG	0.99999990	moderate	R3|36|local_insertion|GCC|GAAC	0-based_half-open	3	0	0	0	-	0	0.00000000	-	-	assembly_only_unvalidated	no_read_evidence
EV_f3868f5399fd55	seq16_1.0	tune	R3	motif_substitution	517	520	40	GCC	AGC	2	S1:G>A;S2:C>G	CCG	CCG	0.99999996	moderate	R3|40|motif_substitution|GCC|AGC	0-based_half-open	3	0	0	0	-	0	0.00000000	-	-	assembly_only_unvalidated	no_read_evidence
EV_40e1a0339e0e39	seq16_1.0	tune	R3	motif_substitution	520	523	43	GCC	GCA	1	S3:C>A	CCG	CCG	0.99999996	moderate	R3|43|motif_substitution|GCC|GCA	0-based_half-open	3	0	0	0	-	0	0.00000000	-	-	assembly_only_unvalidated	no_read_evidence
EV_a75621d64924a4	seq16_1.0	tune	R3	motif_substitution	526	529	49	GCC	GCT	1	S3:C>T	CCG	CCG	0.99999956	moderate	R3|49|motif_substitution|GCC|GCT	0-based_half-open	3	0	0	0	-	0	0.00000000	-	-	assembly_only_unvalidated	no_read_evidence
EV_8d1d2c371ff4c8	seq16_1.0	tune	R3	motif_substitution	529	532	52	GCC	TCG	2	S1:G>T;S3:C>G	CCG	CCG	0.99999863	moderate	R3|52|motif_substitution|GCC|TCG	0-based_half-open	3	0	0	0	-	0	0.00000000	-	-	assembly_only_unvalidated	no_read_evidence
EV_7a4f74250f1022	seq17_1.0	train	R1	motif_substitution	276	279	15	GCG	GCA	1	S3:G>A	CCG	CCG	1.00000000	high	R1|15|motif_substitution|GCG|GCA	0-based_half-open	19	0	0	0	-	0	0.00000000	-	-	assembly_only_unvalidated	no_read_evidence
EV_08cc1b1b436724	seq17_1.0	train	R1	motif_substitution	279	282	18	GCG	GCA	1	S3:G>A	CCG	CCG	1.00000000	high	R1|18|motif_substitution|GCG|GCA	0-based_half-open	27	0	0	0	-	0	0.00000000	-	-	assembly_only_unvalidated	no_read_evidence
EV_d6cc7e2828fe35	seq17_1.0	train	R2	motif_substitution	306	309	0	CAG	CAA	1	S3:G>A	AGC	AGC	0.99999882	moderate	R2|0|motif_substitution|CAG|CAA	0-based_half-open	28	0	0	0	-	0	0.00000000	-	-	assembly_only_unvalidated	no_read_evidence
EV_aefa3cb3bbc765	seq17_1.0	train	R2	motif_substitution	312	315	6	CAG	CAA	1	S3:G>A	AGC	AGC	0.99999996	moderate	R2|6|motif_substitution|CAG|CAA	0-based_half-open	28	0	0	0	-	0	0.00000000	-	-	assembly_only_unvalidated	no_read_evidence
EV_5c1deb50433e77	seq17_1.0	train	R2	motif_substitution	318	321	12	CAG	CAA	1	S3:G>A	AGC	AGC	1.00000000	moderate	R2|12|motif_substitution|CAG|CAA	0-based_half-open	25	0	0	0	-	0	0.00000000	-	-	assembly_only_unvalidated	no_read_evidence
EV_e0626aa686e53f	seq17_1.0	train	R2	motif_substitution	339	342	33	CAG	CAA	1	S3:G>A	AGC	AGC	1.00000000	moderate	R2|33|motif_substitution|CAG|CAA	0-based_half-open	16	0	0	0	-	0	0.00000000	-	-	assembly_only_unvalidated	no_read_evidence
EV_f6e6e4fa8343a3	seq17_1.0	train	R2	motif_substitution	366	369	60	CAG	CAA	1	S3:G>A	AGC	AGC	0.98606401	moderate	R2|60|motif_substitution|CAG|CAA	0-based_half-open	13	0	0	0	-	0	0.00000000	-	-	assembly_only_unvalidated	no_read_evidence
EV_26424c77e34ff8	seq17_1.0	train	R2	motif_substitution	369	372	63	CAG	CAA	1	S3:G>A	AGC	AGC	0.94998258	moderate	R2|63|motif_substitution|CAG|CAA	0-based_half-open	18	0	0	0	-	0	0.00000000	-	-	assembly_only_unvalidated	no_read_evidence
EV_c40b099e3c9af2	seq17_1.0	train	R3	motif_substitution	450	453	0	GCC	GCT	1	S3:C>T	CCG	CCG	0.62688573	moderate	R3|0|motif_substitution|GCC|GCT	0-based_half-open	28	0	0	0	-	0	0.00000000	-	-	assembly_only_unvalidated	no_read_evidence
EV_dd36dfcbe8cf8d	seq17_1.0	train	R3	motif_substitution	480	483	30	GCC	GCT	1	S3:C>T	CCG	CCG	0.99999999	moderate	R3|30|motif_substitution|GCC|GCT	0-based_half-open	20	0	0	0	-	0	0.00000000	-	-	assembly_only_unvalidated	no_read_evidence
EV_77b0a50a752325	seq17_1.0	train	R3	motif_substitution	486	489	36	GCC	GTG	2	S2:C>T;S3:C>G	CCG	CCG	0.99999996	moderate	R3|36|motif_substitution|GCC|GTG	0-based_half-open	23	0	0	0	-	0	0.00000000	-	-	assembly_only_unvalidated	no_read_evidence
EV_e94c34d6fe6862	seq17_1.0	train	R3	local_insertion	489	493	39	GCC	GAAC	4	INS:GAAC	-	CCG	0.99999980	moderate	R3|39|local_insertion|GCC|GAAC	0-based_half-open	23	0	0	0	-	0	0.00000000	-	-	assembly_only_unvalidated	no_read_evidence
EV_60351a6f027e60	seq17_1.0	train	R3	motif_substitution	493	496	43	GCC	AGC	2	S1:G>A;S2:C>G	CCG	CCG	0.99999993	moderate	R3|43|motif_substitution|GCC|AGC	0-based_half-open	23	0	0	0	-	0	0.00000000	-	-	assembly_only_unvalidated	no_read_evidence
EV_6dab686349d027	seq17_1.0	train	R3	motif_substitution	496	499	46	GCC	GCA	1	S3:C>A	CCG	CCG	0.99999992	moderate	R3|46|motif_substitution|GCC|GCA	0-based_half-open	23	0	0	0	-	0	0.00000000	-	-	assembly_only_unvalidated	no_read_evidence
EV_25f04eae55df93	seq17_1.0	train	R3	motif_substitution	502	505	52	GCC	GCT	1	S3:C>T	CCG	CCG	0.99999941	moderate	R3|52|motif_substitution|GCC|GCT	0-based_half-open	23	0	0	0	-	0	0.00000000	-	-	assembly_only_unvalidated	no_read_evidence
EV_772522e00133a9	seq17_1.0	train	R3	motif_substitution	505	508	55	GCC	TCG	2	S1:G>T;S3:C>G	CCG	CCG	0.99999836	moderate	R3|55|motif_substitution|GCC|TCG	0-based_half-open	23	0	0	0	-	0	0.00000000	-	-	assembly_only_unvalidated	no_read_evidence
EV_89c2c70586c5e8	seq18_1.0	tune	R1	motif_substitution	258	261	0	GCG	GAG	1	S2:C>A	CCG	CCG	0.99987122	high	R1|0|motif_substitution|GCG|GAG	0-based_half-open	9	0	0	0	-	0	0.00000000	-	-	assembly_only_unvalidated	no_read_evidence
EV_e0bc30fcf9c452	seq18_1.0	tune	R1	motif_substitution	276	279	18	GCG	GCA	1	S3:G>A	CCG	CCG	1.00000000	high	R1|18|motif_substitution|GCG|GCA	0-based_half-open	27	0	0	0	-	0	0.00000000	-	-	assembly_only_unvalidated	no_read_evidence
EV_b1126159ef8ebd	seq18_1.0	tune	R1	motif_substitution	279	282	21	GCG	GCA	1	S3:G>A	CCG	CCG	1.00000000	high	R1|21|motif_substitution|GCG|GCA	0-based_half-open	8	0	0	0	-	0	0.00000000	-	-	assembly_only_unvalidated	no_read_evidence
EV_ce9b6f7a0832b8	seq18_1.0	tune	R2	motif_substitution	306	309	0	CAG	CAA	1	S3:G>A	AGC	AGC	0.99999863	moderate	R2|0|motif_substitution|CAG|CAA	0-based_half-open	28	0	0	0	-	0	0.00000000	-	-	assembly_only_unvalidated	no_read_evidence
EV_87a22a8d9321f5	seq18_1.0	tune	R2	motif_substitution	312	315	6	CAG	CAA	1	S3:G>A	AGC	AGC	0.99999995	moderate	R2|6|motif_substitution|CAG|CAA	0-based_half-open	28	0	0	0	-	0	0.00000000	-	-	assembly_only_unvalidated	no_read_evidence
EV_1aba8ff8a28851	seq18_1.0	tune	R2	motif_substitution	318	321	12	CAG	CAA	1	S3:G>A	AGC	AGC	1.00000000	moderate	R2|12|motif_substitution|CAG|CAA	0-based_half-open	25	0	0	0	-	0	0.00000000	-	-	assembly_only_unvalidated	no_read_evidence
EV_93b379f5244af2	seq18_1.0	tune	R2	motif_substitution	342	345	36	CAG	CAA	1	S3:G>A	AGC	AGC	1.00000000	moderate	R2|36|motif_substitution|CAG|CAA	0-based_half-open	6	0	0	0	-	0	0.00000000	-	-	assembly_only_unvalidated	no_read_evidence
EV_f8d3d10e8c656b	seq18_1.0	tune	R2	motif_substitution	369	372	63	CAG	CAA	1	S3:G>A	AGC	AGC	0.98008916	moderate	R2|63|motif_substitution|CAG|CAA	0-based_half-open	18	0	0	0	-	0	0.00000000	-	-	assembly_only_unvalidated	no_read_evidence
EV_25bf2f51afa2c2	seq18_1.0	tune	R2	motif_substitution	372	375	66	CAG	CAA	1	S3:G>A	AGC	AGC	0.93504773	moderate	R2|66|motif_substitution|CAG|CAA	0-based_half-open	11	0	0	0	-	0	0.00000000	-	-	assembly_only_unvalidated	no_read_evidence
EV_f844b146723071	seq18_1.0	tune	R3	motif_substitution	453	456	0	GCC	GCT	1	S3:C>T	CCG	CCG	0.62688573	moderate	R3|0|motif_substitution|GCC|GCT	0-based_half-open	28	0	0	0	-	0	0.00000000	-	-	assembly_only_unvalidated	no_read_evidence
EV_0e3ea96977f075	seq18_1.0	tune	R3	motif_substitution	483	486	30	GCC	GCT	1	S3:C>T	CCG	CCG	0.99999999	moderate	R3|30|motif_substitution|GCC|GCT	0-based_half-open	20	0	0	0	-	0	0.00000000	-	-	assembly_only_unvalidated	no_read_evidence
EV_8855aeab055c14	seq18_1.0	tune	R3	motif_substitution	489	492	36	GCC	GTG	2	S2:C>T;S3:C>G	CCG	CCG	0.99999996	moderate	R3|36|motif_substitution|GCC|GTG	0-based_half-open	23	0	0	0	-	0	0.00000000	-	-	assembly_only_unvalidated	no_read_evidence
EV_81f5cc3a44147c	seq18_1.0	tune	R3	local_insertion	492	496	39	GCC	GAAC	4	INS:GAAC	-	CCG	0.99999980	moderate	R3|39|local_insertion|GCC|GAAC	0-based_half-open	23	0	0	0	-	0	0.00000000	-	-	assembly_only_unvalidated	no_read_evidence
EV_8383123c132e10	seq18_1.0	tune	R3	motif_substitution	496	499	43	GCC	AGC	2	S1:G>A;S2:C>G	CCG	CCG	0.99999993	moderate	R3|43|motif_substitution|GCC|AGC	0-based_half-open	23	0	0	0	-	0	0.00000000	-	-	assembly_only_unvalidated	no_read_evidence
EV_c2b6b13ea2793b	seq18_1.0	tune	R3	motif_substitution	499	502	46	GCC	GCA	1	S3:C>A	CCG	CCG	0.99999992	moderate	R3|46|motif_substitution|GCC|GCA	0-based_half-open	23	0	0	0	-	0	0.00000000	-	-	assembly_only_unvalidated	no_read_evidence
EV_999e6767081c7c	seq18_1.0	tune	R3	motif_substitution	505	508	52	GCC	GCT	1	S3:C>T	CCG	CCG	0.99999941	moderate	R3|52|motif_substitution|GCC|GCT	0-based_half-open	23	0	0	0	-	0	0.00000000	-	-	assembly_only_unvalidated	no_read_evidence
EV_a534c06414ca77	seq18_1.0	tune	R3	motif_substitution	508	511	55	GCC	TCG	2	S1:G>T;S3:C>G	CCG	CCG	0.99999836	moderate	R3|55|motif_substitution|GCC|TCG	0-based_half-open	23	0	0	0	-	0	0.00000000	-	-	assembly_only_unvalidated	no_read_evidence
EV_7aacf2f9250ea3	seq19_1.0	train	R1	motif_substitution	276	279	15	GCG	GCA	1	S3:G>A	CCG	CCG	1.00000000	high	R1|15|motif_substitution|GCG|GCA	0-based_half-open	19	0	0	0	-	0	0.00000000	-	-	assembly_only_unvalidated	no_read_evidence
EV_6f9b91520c0b1a	seq19_1.0	train	R1	motif_substitution	279	282	18	GCG	GCA	1	S3:G>A	CCG	CCG	1.00000000	high	R1|18|motif_substitution|GCG|GCA	0-based_half-open	27	0	0	0	-	0	0.00000000	-	-	assembly_only_unvalidated	no_read_evidence
EV_4df5b00f5dd41d	seq19_1.0	train	R2	motif_substitution	306	309	0	CAG	CAA	1	S3:G>A	AGC	AGC	0.99999844	moderate	R2|0|motif_substitution|CAG|CAA	0-based_half-open	28	0	0	0	-	0	0.00000000	-	-	assembly_only_unvalidated	no_read_evidence
EV_de3d58631e0806	seq19_1.0	train	R2	motif_substitution	312	315	6	CAG	CAA	1	S3:G>A	AGC	AGC	0.99999992	moderate	R2|6|motif_substitution|CAG|CAA	0-based_half-open	28	0	0	0	-	0	0.00000000	-	-	assembly_only_unvalidated	no_read_evidence
EV_987a444e282d8d	seq19_1.0	train	R2	motif_substitution	318	321	12	CAG	CAA	1	S3:G>A	AGC	AGC	1.00000000	moderate	R2|12|motif_substitution|CAG|CAA	0-based_half-open	25	0	0	0	-	0	0.00000000	-	-	assembly_only_unvalidated	no_read_evidence
EV_1785b6a919fbb9	seq19_1.0	train	R2	motif_substitution	339	342	33	CAG	CAA	1	S3:G>A	AGC	AGC	1.00000000	moderate	R2|33|motif_substitution|CAG|CAA	0-based_half-open	16	0	0	0	-	0	0.00000000	-	-	assembly_only_unvalidated	no_read_evidence
EV_172a5799aaeedf	seq19_1.0	train	R2	motif_substitution	372	375	66	CAG	CAA	1	S3:G>A	AGC	AGC	0.97169368	moderate	R2|66|motif_substitution|CAG|CAA	0-based_half-open	11	0	0	0	-	0	0.00000000	-	-	assembly_only_unvalidated	no_read_evidence
EV_b18492ab0ef3d5	seq19_1.0	train	R2	motif_substitution	375	378	69	CAG	CAA	1	S3:G>A	AGC	AGC	0.91582530	moderate	R2|69|motif_substitution|CAG|CAA	0-based_half-open	3	0	0	0	-	0	0.00000000	-	-	assembly_only_unvalidated	no_read_evidence
EV_dc65418eba6373	seq19_1.0	train	R3	motif_substitution	456	459	0	GCC	GCT	1	S3:C>T	CCG	CCG	0.62688573	moderate	R3|0|motif_substitution|GCC|GCT	0-based_half-open	28	0	0	0	-	0	0.00000000	-	-	assembly_only_unvalidated	no_read_evidence
EV_8caa5c3c75449b	seq19_1.0	train	R3	motif_substitution	486	489	30	GCC	GCT	1	S3:C>T	CCG	CCG	0.99999999	moderate	R3|30|motif_substitution|GCC|GCT	0-based_half-open	20	0	0	0	-	0	0.00000000	-	-	assembly_only_unvalidated	no_read_evidence
EV_5d34983bc3e760	seq19_1.0	train	R3	motif_substitution	492	495	36	GCC	GTG	2	S2:C>T;S3:C>G	CCG	CCG	0.99999996	moderate	R3|36|motif_substitution|GCC|GTG	0-based_half-open	23	0	0	0	-	0	0.00000000	-	-	assembly_only_unvalidated	no_read_evidence
EV_2b0ccf5b9546e7	seq19_1.0	train	R3	local_insertion	495	499	39	GCC	GAAC	4	INS:GAAC	-	CCG	0.99999980	moderate	R3|39|local_insertion|GCC|GAAC	0-based_half-open	23	0	0	0	-	0	0.00000000	-	-	assembly_only_unvalidated	no_read_evidence
EV_8e557f47e163eb	seq19_1.0	train	R3	motif_substitution	499	502	43	GCC	AGC	2	S1:G>A;S2:C>G	CCG	CCG	0.99999993	moderate	R3|43|motif_substitution|GCC|AGC	0-based_half-open	23	0	0	0	-	0	0.00000000	-	-	assembly_only_unvalidated	no_read_evidence
EV_80d3148fe99d2d	seq19_1.0	train	R3	motif_substitution	502	505	46	GCC	GCA	1	S3:C>A	CCG	CCG	0.99999992	moderate	R3|46|motif_substitution|GCC|GCA	0-based_half-open	23	0	0	0	-	0	0.00000000	-	-	assembly_only_unvalidated	no_read_evidence
EV_add9f317cf991f	seq19_1.0	train	R3	motif_substitution	508	511	52	GCC	GCT	1	S3:C>T	CCG	CCG	0.99999941	moderate	R3|52|motif_substitution|GCC|GCT	0-based_half-open	23	0	0	0	-	0	0.00000000	-	-	assembly_only_unvalidated	no_read_evidence
EV_ca40c45a0ee160	seq19_1.0	train	R3	motif_substitution	511	514	55	GCC	TCG	2	S1:G>T;S3:C>G	CCG	CCG	0.99999836	moderate	R3|55|motif_substitution|GCC|TCG	0-based_half-open	23	0	0	0	-	0	0.00000000	-	-	assembly_only_unvalidated	no_read_evidence
EV_02b94c969a2d19	seq20_1.0	train	R1	motif_substitution	276	279	15	GCG	GCA	1	S3:G>A	CCG	CCG	1.00000000	high	R1|15|motif_substitution|GCG|GCA	0-based_half-open	19	0	0	0	-	0	0.00000000	-	-	assembly_only_unvalidated	no_read_evidence
EV_5d89b54eeba11d	seq20_1.0	train	R1	motif_substitution	279	282	18	GCG	GCA	1	S3:G>A	CCG	CCG	1.00000000	high	R1|18|motif_substitution|GCG|GCA	0-based_half-open	27	0	0	0	-	0	0.00000000	-	-	assembly_only_unvalidated	no_read_evidence
EV_3ba362d1935212	seq20_1.0	train	R2	motif_substitution	306	309	0	CAG	CAA	1	S3:G>A	AGC	AGC	0.99999864	moderate	R2|0|motif_substitution|CAG|CAA	0-based_half-open	28	0	0	0	-	0	0.00000000	-	-	assembly_only_unvalidated	no_read_evidence
EV_252222f370fb87	seq20_1.0	train	R2	motif_substitution	312	315	6	CAG	CAA	1	S3:G>A	AGC	AGC	0.99999995	moderate	R2|6|motif_substitution|CAG|CAA	0-based_half-open	28	0	0	0	-	0	0.00000000	-	-	assembly_only_unvalidated	no_read_evidence
EV_37a85ec2a756ed	seq20_1.0	train	R2	motif_substitution	318	321	12	CAG	CAA	1	S3:G>A	AGC	AGC	1.00000000	moderate	R2|12|motif_substitution|CAG|CAA	0-based_half-open	25	0	0	0	-	0	0.00000000	-	-	assembly_only_unvalidated	no_read_evidence
EV_01c5fe4739f506	seq20_1.0	train	R2	motif_substitution	339	342	33	CAG	CAA	1	S3:G>A	AGC	AGC	1.00000000	moderate	R2|33|motif_substitution|CAG|CAA	0-based_half-open	16	0	0	0	-	0	0.00000000	-	-	assembly_only_unvalidated	no_read_evidence
EV_fb58cc9e275429	seq20_1.0	train	R2	motif_substitution	369	372	63	CAG	CAA	1	S3:G>A	AGC	AGC	0.98008916	moderate	R2|63|motif_substitution|CAG|CAA	0-based_half-open	18	0	0	0	-	0	0.00000000	-	-	assembly_only_unvalidated	no_read_evidence
EV_1faad6379540d7	seq20_1.0	train	R2	motif_substitution	372	375	66	CAG	CAA	1	S3:G>A	AGC	AGC	0.93504773	moderate	R2|66|motif_substitution|CAG|CAA	0-based_half-open	11	0	0	0	-	0	0.00000000	-	-	assembly_only_unvalidated	no_read_evidence
EV_2d360af0f2c7ca	seq20_1.0	train	R3	motif_substitution	453	456	0	GCC	GCT	1	S3:C>T	CCG	CCG	0.62688573	moderate	R3|0|motif_substitution|GCC|GCT	0-based_half-open	28	0	0	0	-	0	0.00000000	-	-	assembly_only_unvalidated	no_read_evidence
EV_411192f5de2a4d	seq20_1.0	train	R3	motif_substitution	483	486	30	GCC	GCT	1	S3:C>T	CCG	CCG	0.99999999	moderate	R3|30|motif_substitution|GCC|GCT	0-based_half-open	20	0	0	0	-	0	0.00000000	-	-	assembly_only_unvalidated	no_read_evidence
EV_de56c8e0f46ae0	seq20_1.0	train	R3	motif_substitution	489	492	36	GCC	GTG	2	S2:C>T;S3:C>G	CCG	CCG	0.99999996	moderate	R3|36|motif_substitution|GCC|GTG	0-based_half-open	23	0	0	0	-	0	0.00000000	-	-	assembly_only_unvalidated	no_read_evidence
EV_460bd132c3b7ef	seq20_1.0	train	R3	local_insertion	492	496	39	GCC	GAAC	4	INS:GAAC	-	CCG	0.99999980	moderate	R3|39|local_insertion|GCC|GAAC	0-based_half-open	23	0	0	0	-	0	0.00000000	-	-	assembly_only_unvalidated	no_read_evidence
EV_87d6d353d23ab2	seq20_1.0	train	R3	motif_substitution	496	499	43	GCC	AGC	2	S1:G>A;S2:C>G	CCG	CCG	0.99999993	moderate	R3|43|motif_substitution|GCC|AGC	0-based_half-open	23	0	0	0	-	0	0.00000000	-	-	assembly_only_unvalidated	no_read_evidence
EV_5fbb653eab9849	seq20_1.0	train	R3	motif_substitution	499	502	46	GCC	GCA	1	S3:C>A	CCG	CCG	0.99999992	moderate	R3|46|motif_substitution|GCC|GCA	0-based_half-open	23	0	0	0	-	0	0.00000000	-	-	assembly_only_unvalidated	no_read_evidence
EV_94f92156113f89	seq20_1.0	train	R3	motif_substitution	505	508	52	GCC	GCT	1	S3:C>T	CCG	CCG	0.99999941	moderate	R3|52|motif_substitution|GCC|GCT	0-based_half-open	23	0	0	0	-	0	0.00000000	-	-	assembly_only_unvalidated	no_read_evidence
EV_3a532a4ddc4fd7	seq20_1.0	train	R3	motif_substitution	508	511	55	GCC	TCG	2	S1:G>T;S3:C>G	CCG	CCG	0.99999836	moderate	R3|55|motif_substitution|GCC|TCG	0-based_half-open	23	0	0	0	-	0	0.00000000	-	-	assembly_only_unvalidated	no_read_evidence
EV_2076687e81a8b6	seq21_1.0	train	R1	motif_substitution	276	279	15	GCG	GCA	1	S3:G>A	CCG	CCG	1.00000000	high	R1|15|motif_substitution|GCG|GCA	0-based_half-open	19	0	0	0	-	0	0.00000000	-	-	assembly_only_unvalidated	no_read_evidence
EV_be4deced731297	seq21_1.0	train	R1	motif_substitution	279	282	18	GCG	GCA	1	S3:G>A	CCG	CCG	1.00000000	high	R1|18|motif_substitution|GCG|GCA	0-based_half-open	27	0	0	0	-	0	0.00000000	-	-	assembly_only_unvalidated	no_read_evidence
EV_9da653882455d7	seq21_1.0	train	R2	motif_substitution	306	309	0	CAG	CAA	1	S3:G>A	AGC	AGC	0.99999882	moderate	R2|0|motif_substitution|CAG|CAA	0-based_half-open	28	0	0	0	-	0	0.00000000	-	-	assembly_only_unvalidated	no_read_evidence
EV_338515b8a51fe4	seq21_1.0	train	R2	motif_substitution	312	315	6	CAG	CAA	1	S3:G>A	AGC	AGC	0.99999996	moderate	R2|6|motif_substitution|CAG|CAA	0-based_half-open	28	0	0	0	-	0	0.00000000	-	-	assembly_only_unvalidated	no_read_evidence
EV_ff70d936dba30d	seq21_1.0	train	R2	motif_substitution	318	321	12	CAG	CAA	1	S3:G>A	AGC	AGC	1.00000000	moderate	R2|12|motif_substitution|CAG|CAA	0-based_half-open	25	0	0	0	-	0	0.00000000	-	-	assembly_only_unvalidated	no_read_evidence
EV_d5af312830464c	seq21_1.0	train	R2	motif_substitution	339	342	33	CAG	CAA	1	S3:G>A	AGC	AGC	1.00000000	moderate	R2|33|motif_substitution|CAG|CAA	0-based_half-open	16	0	0	0	-	0	0.00000000	-	-	assembly_only_unvalidated	no_read_evidence
EV_d02a650c30e6cc	seq21_1.0	train	R2	motif_substitution	366	369	60	CAG	CAA	1	S3:G>A	AGC	AGC	0.98606401	moderate	R2|60|motif_substitution|CAG|CAA	0-based_half-open	13	0	0	0	-	0	0.00000000	-	-	assembly_only_unvalidated	no_read_evidence
EV_670fe868604079	seq21_1.0	train	R2	motif_substitution	369	372	63	CAG	CAA	1	S3:G>A	AGC	AGC	0.94998258	moderate	R2|63|motif_substitution|CAG|CAA	0-based_half-open	18	0	0	0	-	0	0.00000000	-	-	assembly_only_unvalidated	no_read_evidence
EV_3603096e2f5e1e	seq21_1.0	train	R3	motif_substitution	450	453	0	GCC	GCT	1	S3:C>T	CCG	CCG	0.62688573	moderate	R3|0|motif_substitution|GCC|GCT	0-based_half-open	28	0	0	0	-	0	0.00000000	-	-	assembly_only_unvalidated	no_read_evidence
EV_d52311bbe6f969	seq21_1.0	train	R3	motif_substitution	486	489	36	GCC	GTG	2	S2:C>T;S3:C>G	CCG	CCG	0.99999996	moderate	R3|36|motif_substitution|GCC|GTG	0-based_half-open	23	0	0	0	-	0	0.00000000	-	-	assembly_only_unvalidated	no_read_evidence
EV_26bc101db9fa90	seq21_1.0	train	R3	local_insertion	489	493	39	GCC	GAAC	4	INS:GAAC	-	CCG	0.99999980	moderate	R3|39|local_insertion|GCC|GAAC	0-based_half-open	23	0	0	0	-	0	0.00000000	-	-	assembly_only_unvalidated	no_read_evidence
EV_b7a35c1c381ef4	seq21_1.0	train	R3	motif_substitution	493	496	43	GCC	AGC	2	S1:G>A;S2:C>G	CCG	CCG	0.99999993	moderate	R3|43|motif_substitution|GCC|AGC	0-based_half-open	23	0	0	0	-	0	0.00000000	-	-	assembly_only_unvalidated	no_read_evidence
EV_17e7519f426214	seq21_1.0	train	R3	motif_substitution	496	499	46	GCC	GCA	1	S3:C>A	CCG	CCG	0.99999992	moderate	R3|46|motif_substitution|GCC|GCA	0-based_half-open	23	0	0	0	-	0	0.00000000	-	-	assembly_only_unvalidated	no_read_evidence
EV_b5e7385577f2ea	seq21_1.0	train	R3	motif_substitution	502	505	52	GCC	GCT	1	S3:C>T	CCG	CCG	0.99999941	moderate	R3|52|motif_substitution|GCC|GCT	0-based_half-open	23	0	0	0	-	0	0.00000000	-	-	assembly_only_unvalidated	no_read_evidence
EV_0c89e64d1f8523	seq21_1.0	train	R3	motif_substitution	505	508	55	GCC	TCG	2	S1:G>T;S3:C>G	CCG	CCG	0.99999836	moderate	R3|55|motif_substitution|GCC|TCG	0-based_half-open	23	0	0	0	-	0	0.00000000	-	-	assembly_only_unvalidated	no_read_evidence
EV_f31df4367f657e	seq22_1.0	train	R1	motif_substitution	276	279	15	GCG	GCA	1	S3:G>A	CCG	CCG	1.00000000	high	R1|15|motif_substitution|GCG|GCA	0-based_half-open	19	0	0	0	-	0	0.00000000	-	-	assembly_only_unvalidated	no_read_evidence
EV_aa5f606fd17e3c	seq22_1.0	train	R1	motif_substitution	279	282	18	GCG	GCA	1	S3:G>A	CCG	CCG	1.00000000	high	R1|18|motif_substitution|GCG|GCA	0-based_half-open	27	0	0	0	-	0	0.00000000	-	-	assembly_only_unvalidated	no_read_evidence
EV_0d0dfa8d045390	seq22_1.0	train	R2	motif_substitution	306	309	0	CAG	CAA	1	S3:G>A	AGC	AGC	0.99999864	moderate	R2|0|motif_substitution|CAG|CAA	0-based_half-open	28	0	0	0	-	0	0.00000000	-	-	assembly_only_unvalidated	no_read_evidence
EV_1296eb637b7da4	seq22_1.0	train	R2	motif_substitution	312	315	6	CAG	CAA	1	S3:G>A	AGC	AGC	0.99999995	moderate	R2|6|motif_substitution|CAG|CAA	0-based_half-open	28	0	0	0	-	0	0.00000000	-	-	assembly_only_unvalidated	no_read_evidence
EV_18cf7002e47a13	seq22_1.0	train	R2	motif_substitution	318	321	12	CAG	CAA	1	S3:G>A	AGC	AGC	1.00000000	moderate	R2|12|motif_substitution|CAG|CAA	0-based_half-open	25	0	0	0	-	0	0.00000000	-	-	assembly_only_unvalidated	no_read_evidence
EV_66ba579d6d9465	seq22_1.0	train	R2	motif_substitution	342	345	36	CAG	CAA	1	S3:G>A	AGC	AGC	1.00000000	moderate	R2|36|motif_substitution|CAG|CAA	0-based_half-open	6	0	0	0	-	0	0.00000000	-	-	assembly_only_unvalidated	no_read_evidence
EV_2523c00b6cff79	seq22_1.0	train	R2	motif_substitution	369	372	63	CAG	CAA	1	S3:G>A	AGC	AGC	0.98008916	moderate	R2|63|motif_substitution|CAG|CAA	0-based_half-open	18	0	0	0	-	0	0.00000000	-	-	assembly_only_unvalidated	no_read_evidence
EV_7c937bfedc4ad9	seq22_1.0	train	R2	motif_substitution	372	375	66	CAG	CAA	1	S3:G>A	AGC	AGC	0.93504773	moderate	R2|66|motif_substitution|CAG|CAA	0-based_half-open	11	0	0	0	-	0	0.00000000	-	-	assembly_only_unvalidated	no_read_evidence
EV_65f115fa630042	seq22_1.0	train	R3	motif_substitution	453	456	0	GCC	GCT	1	S3:C>T	CCG	CCG	0.62688573	moderate	R3|0|motif_substitution|GCC|GCT	0-based_half-open	28	0	0	0	-	0	0.00000000	-	-	assembly_only_unvalidated	no_read_evidence
EV_eb33d046f5eae2	seq22_1.0	train	R3	motif_substitution	483	486	30	GCC	GCT	1	S3:C>T	CCG	CCG	0.99999999	moderate	R3|30|motif_substitution|GCC|GCT	0-based_half-open	20	0	0	0	-	0	0.00000000	-	-	assembly_only_unvalidated	no_read_evidence
EV_e495994aa9ff6b	seq22_1.0	train	R3	motif_substitution	489	492	36	GCC	GTG	2	S2:C>T;S3:C>G	CCG	CCG	0.99999996	moderate	R3|36|motif_substitution|GCC|GTG	0-based_half-open	23	0	0	0	-	0	0.00000000	-	-	assembly_only_unvalidated	no_read_evidence
EV_6590b6c83999dd	seq22_1.0	train	R3	local_insertion	492	496	39	GCC	GAAC	4	INS:GAAC	-	CCG	0.99999980	moderate	R3|39|local_insertion|GCC|GAAC	0-based_half-open	23	0	0	0	-	0	0.00000000	-	-	assembly_only_unvalidated	no_read_evidence
EV_19cca2db44cfd5	seq22_1.0	train	R3	motif_substitution	496	499	43	GCC	AGC	2	S1:G>A;S2:C>G	CCG	CCG	0.99999993	moderate	R3|43|motif_substitution|GCC|AGC	0-based_half-open	23	0	0	0	-	0	0.00000000	-	-	assembly_only_unvalidated	no_read_evidence
EV_0349a8f705f0ed	seq22_1.0	train	R3	motif_substitution	499	502	46	GCC	GCA	1	S3:C>A	CCG	CCG	0.99999992	moderate	R3|46|motif_substitution|GCC|GCA	0-based_half-open	23	0	0	0	-	0	0.00000000	-	-	assembly_only_unvalidated	no_read_evidence
EV_12d83d8ffe27ed	seq22_1.0	train	R3	motif_substitution	505	508	52	GCC	GCT	1	S3:C>T	CCG	CCG	0.99999941	moderate	R3|52|motif_substitution|GCC|GCT	0-based_half-open	23	0	0	0	-	0	0.00000000	-	-	assembly_only_unvalidated	no_read_evidence
EV_5cf32abc232326	seq22_1.0	train	R3	motif_substitution	508	511	55	GCC	TCG	2	S1:G>T;S3:C>G	CCG	CCG	0.99999836	moderate	R3|55|motif_substitution|GCC|TCG	0-based_half-open	23	0	0	0	-	0	0.00000000	-	-	assembly_only_unvalidated	no_read_evidence
EV_65f04f02b50570	seq23_1.0	train	R1	motif_substitution	276	279	15	GCG	GCA	1	S3:G>A	CCG	CCG	1.00000000	high	R1|15|motif_substitution|GCG|GCA	0-based_half-open	19	0	0	0	-	0	0.00000000	-	-	assembly_only_unvalidated	no_read_evidence
EV_3cbe2654158ee7	seq23_1.0	train	R1	motif_substitution	279	282	18	GCG	GCA	1	S3:G>A	CCG	CCG	1.00000000	high	R1|18|motif_substitution|GCG|GCA	0-based_half-open	27	0	0	0	-	0	0.00000000	-	-	assembly_only_unvalidated	no_read_evidence
EV_9caa270bc81816	seq23_1.0	train	R2	motif_substitution	306	309	0	CAG	CAA	1	S3:G>A	AGC	AGC	0.99999882	moderate	R2|0|motif_substitution|CAG|CAA	0-based_half-open	28	0	0	0	-	0	0.00000000	-	-	assembly_only_unvalidated	no_read_evidence
EV_789221a4e93fbd	seq23_1.0	train	R2	motif_substitution	312	315	6	CAG	CAA	1	S3:G>A	AGC	AGC	0.99999996	moderate	R2|6|motif_substitution|CAG|CAA	0-based_half-open	28	0	0	0	-	0	0.00000000	-	-	assembly_only_unvalidated	no_read_evidence
EV_d6e2da399ee799	seq23_1.0	train	R2	motif_substitution	318	321	12	CAG	CAA	1	S3:G>A	AGC	AGC	1.00000000	moderate	R2|12|motif_substitution|CAG|CAA	0-based_half-open	25	0	0	0	-	0	0.00000000	-	-	assembly_only_unvalidated	no_read_evidence
EV_5a5790a7d0cd75	seq23_1.0	train	R2	motif_substitution	339	342	33	CAG	CAA	1	S3:G>A	AGC	AGC	1.00000000	moderate	R2|33|motif_substitution|CAG|CAA	0-based_half-open	16	0	0	0	-	0	0.00000000	-	-	assembly_only_unvalidated	no_read_evidence
EV_7a0e639bb82d80	seq23_1.0	train	R2	motif_substitution	366	369	60	CAG	CAA	1	S3:G>A	AGC	AGC	0.98606401	moderate	R2|60|motif_substitution|CAG|CAA	0-based_half-open	13	0	0	0	-	0	0.00000000	-	-	assembly_only_unvalidated	no_read_evidence
EV_5301ad232c6ec8	seq23_1.0	train	R2	motif_substitution	369	372	63	CAG	CAA	1	S3:G>A	AGC	AGC	0.94998258	moderate	R2|63|motif_substitution|CAG|CAA	0-based_half-open	18	0	0	0	-	0	0.00000000	-	-	assembly_only_unvalidated	no_read_evidence
EV_10dfdfa9efeaac	seq23_1.0	train	R3	motif_substitution	450	453	0	GCC	GCT	1	S3:C>T	CCG	CCG	0.62688573	moderate	R3|0|motif_substitution|GCC|GCT	0-based_half-open	28	0	0	0	-	0	0.00000000	-	-	assembly_only_unvalidated	no_read_evidence
EV_f0e59e76ad7646	seq23_1.0	train	R3	motif_substitution	486	489	36	GCC	GTG	2	S2:C>T;S3:C>G	CCG	CCG	0.99999996	moderate	R3|36|motif_substitution|GCC|GTG	0-based_half-open	23	0	0	0	-	0	0.00000000	-	-	assembly_only_unvalidated	no_read_evidence
EV_95aadf790ee62a	seq23_1.0	train	R3	local_insertion	489	493	39	GCC	GAAC	4	INS:GAAC	-	CCG	0.99999980	moderate	R3|39|local_insertion|GCC|GAAC	0-based_half-open	23	0	0	0	-	0	0.00000000	-	-	assembly_only_unvalidated	no_read_evidence
EV_e7336618770064	seq23_1.0	train	R3	motif_substitution	493	496	43	GCC	AGC	2	S1:G>A;S2:C>G	CCG	CCG	0.99999993	moderate	R3|43|motif_substitution|GCC|AGC	0-based_half-open	23	0	0	0	-	0	0.00000000	-	-	assembly_only_unvalidated	no_read_evidence
EV_bb832823355198	seq23_1.0	train	R3	motif_substitution	496	499	46	GCC	GCA	1	S3:C>A	CCG	CCG	0.99999992	moderate	R3|46|motif_substitution|GCC|GCA	0-based_half-open	23	0	0	0	-	0	0.00000000	-	-	assembly_only_unvalidated	no_read_evidence
EV_7a7c1cf90d731b	seq23_1.0	train	R3	motif_substitution	502	505	52	GCC	GCT	1	S3:C>T	CCG	CCG	0.99999941	moderate	R3|52|motif_substitution|GCC|GCT	0-based_half-open	23	0	0	0	-	0	0.00000000	-	-	assembly_only_unvalidated	no_read_evidence
EV_5154760ae3c991	seq23_1.0	train	R3	motif_substitution	505	508	55	GCC	TCG	2	S1:G>T;S3:C>G	CCG	CCG	0.99999836	moderate	R3|55|motif_substitution|GCC|TCG	0-based_half-open	23	0	0	0	-	0	0.00000000	-	-	assembly_only_unvalidated	no_read_evidence
EV_4c06ab73171c13	seq24_2.0	tune	R1	motif_substitution	276	279	15	GCG	GCA	1	S3:G>A	CCG	CCG	1.00000000	high	R1|15|motif_substitution|GCG|GCA	0-based_half-open	19	0	0	0	-	0	0.00000000	-	-	assembly_only_unvalidated	no_read_evidence
EV_949bf987ec71c3	seq24_2.0	tune	R1	motif_substitution	279	282	18	GCG	GCA	1	S3:G>A	CCG	CCG	1.00000000	high	R1|18|motif_substitution|GCG|GCA	0-based_half-open	27	0	0	0	-	0	0.00000000	-	-	assembly_only_unvalidated	no_read_evidence
EV_2bacb2ec01a7d0	seq24_2.0	tune	R2	motif_substitution	306	309	0	CAG	CAA	1	S3:G>A	AGC	AGC	0.99999882	moderate	R2|0|motif_substitution|CAG|CAA	0-based_half-open	28	0	0	0	-	0	0.00000000	-	-	assembly_only_unvalidated	no_read_evidence
EV_db9f87b8b75742	seq24_2.0	tune	R2	motif_substitution	312	315	6	CAG	CAA	1	S3:G>A	AGC	AGC	0.99999996	moderate	R2|6|motif_substitution|CAG|CAA	0-based_half-open	28	0	0	0	-	0	0.00000000	-	-	assembly_only_unvalidated	no_read_evidence
EV_d4b9719379aeb8	seq24_2.0	tune	R2	motif_substitution	339	342	33	CAG	CAA	1	S3:G>A	AGC	AGC	1.00000000	moderate	R2|33|motif_substitution|CAG|CAA	0-based_half-open	16	0	0	0	-	0	0.00000000	-	-	assembly_only_unvalidated	no_read_evidence
EV_596d33fb837f1e	seq24_2.0	tune	R2	motif_substitution	366	369	60	CAG	CAA	1	S3:G>A	AGC	AGC	0.98606401	moderate	R2|60|motif_substitution|CAG|CAA	0-based_half-open	13	0	0	0	-	0	0.00000000	-	-	assembly_only_unvalidated	no_read_evidence
EV_94663408276b4d	seq24_2.0	tune	R2	motif_substitution	369	372	63	CAG	CAA	1	S3:G>A	AGC	AGC	0.94998258	moderate	R2|63|motif_substitution|CAG|CAA	0-based_half-open	18	0	0	0	-	0	0.00000000	-	-	assembly_only_unvalidated	no_read_evidence
EV_c236ea53572589	seq24_2.0	tune	R3	motif_substitution	450	453	0	GCC	GCT	1	S3:C>T	CCG	CCG	0.65919458	moderate	R3|0|motif_substitution|GCC|GCT	0-based_half-open	28	0	0	0	-	0	0.00000000	-	-	assembly_only_unvalidated	no_read_evidence
EV_c5bfff79446e88	seq24_2.0	tune	R3	motif_substitution	477	480	27	GCC	GCT	1	S3:C>T	CCG	CCG	1.00000000	moderate	R3|27|motif_substitution|GCC|GCT	0-based_half-open	3	0	0	0	-	0	0.00000000	-	-	assembly_only_unvalidated	no_read_evidence
EV_d646f6978097b0	seq24_2.0	tune	R3	motif_substitution	483	486	33	GCC	GTG	2	S2:C>T;S3:C>G	CCG	CCG	0.99999998	moderate	R3|33|motif_substitution|GCC|GTG	0-based_half-open	3	0	0	0	-	0	0.00000000	-	-	assembly_only_unvalidated	no_read_evidence
EV_3f4a73bff63a1d	seq24_2.0	tune	R3	local_insertion	486	490	36	GCC	GAAC	4	INS:GAAC	-	CCG	0.99999990	moderate	R3|36|local_insertion|GCC|GAAC	0-based_half-open	3	0	0	0	-	0	0.00000000	-	-	assembly_only_unvalidated	no_read_evidence
EV_2263b68c10e51b	seq24_2.0	tune	R3	motif_substitution	490	493	40	GCC	AGC	2	S1:G>A;S2:C>G	CCG	CCG	0.99999996	moderate	R3|40|motif_substitution|GCC|AGC	0-based_half-open	3	0	0	0	-	0	0.00000000	-	-	assembly_only_unvalidated	no_read_evidence
EV_08e89ebd482819	seq24_2.0	tune	R3	motif_substitution	493	496	43	GCC	GCA	1	S3:C>A	CCG	CCG	0.99999996	moderate	R3|43|motif_substitution|GCC|GCA	0-based_half-open	3	0	0	0	-	0	0.00000000	-	-	assembly_only_unvalidated	no_read_evidence
EV_813239927a4d4e	seq24_2.0	tune	R3	motif_substitution	499	502	49	GCC	GCT	1	S3:C>T	CCG	CCG	0.99999956	moderate	R3|49|motif_substitution|GCC|GCT	0-based_half-open	3	0	0	0	-	0	0.00000000	-	-	assembly_only_unvalidated	no_read_evidence
EV_ed85d3a4a68eb5	seq24_2.0	tune	R3	motif_substitution	502	505	52	GCC	TCG	2	S1:G>T;S3:C>G	CCG	CCG	0.99999863	moderate	R3|52|motif_substitution|GCC|TCG	0-based_half-open	3	0	0	0	-	0	0.00000000	-	-	assembly_only_unvalidated	no_read_evidence
EV_bac808a80e9a43	seq25_1.0	train	R1	motif_substitution	276	279	15	GCG	GCA	1	S3:G>A	CCG	CCG	1.00000000	high	R1|15|motif_substitution|GCG|GCA	0-based_half-open	19	0	0	0	-	0	0.00000000	-	-	assembly_only_unvalidated	no_read_evidence
EV_00665f8d42d321	seq25_1.0	train	R1	motif_substitution	279	282	18	GCG	GCA	1	S3:G>A	CCG	CCG	1.00000000	high	R1|18|motif_substitution|GCG|GCA	0-based_half-open	27	0	0	0	-	0	0.00000000	-	-	assembly_only_unvalidated	no_read_evidence
EV_fa667549a811b2	seq25_1.0	train	R2	motif_substitution	306	309	0	CAG	CAA	1	S3:G>A	AGC	AGC	0.99999882	moderate	R2|0|motif_substitution|CAG|CAA	0-based_half-open	28	0	0	0	-	0	0.00000000	-	-	assembly_only_unvalidated	no_read_evidence
EV_be40f331d55f1f	seq25_1.0	train	R2	motif_substitution	312	315	6	CAG	CAA	1	S3:G>A	AGC	AGC	0.99999996	moderate	R2|6|motif_substitution|CAG|CAA	0-based_half-open	28	0	0	0	-	0	0.00000000	-	-	assembly_only_unvalidated	no_read_evidence
EV_fd35aac3394985	seq25_1.0	train	R2	motif_substitution	339	342	33	CAG	CAA	1	S3:G>A	AGC	AGC	1.00000000	moderate	R2|33|motif_substitution|CAG|CAA	0-based_half-open	16	0	0	0	-	0	0.00000000	-	-	assembly_only_unvalidated	no_read_evidence
EV_124d80afeba529	seq25_1.0	train	R2	motif_substitution	366	369	60	CAG	CAA	1	S3:G>A	AGC	AGC	0.98606401	moderate	R2|60|motif_substitution|CAG|CAA	0-based_half-open	13	0	0	0	-	0	0.00000000	-	-	assembly_only_unvalidated	no_read_evidence
EV_689d2b9d22db4e	seq25_1.0	train	R2	motif_substitution	369	372	63	CAG	CAA	1	S3:G>A	AGC	AGC	0.94998258	moderate	R2|63|motif_substitution|CAG|CAA	0-based_half-open	18	0	0	0	-	0	0.00000000	-	-	assembly_only_unvalidated	no_read_evidence
EV_36437182d2817e	seq25_1.0	train	R3	motif_substitution	450	453	0	GCC	GCT	1	S3:C>T	CCG	CCG	0.65919458	moderate	R3|0|motif_substitution|GCC|GCT	0-based_half-open	28	0	0	0	-	0	0.00000000	-	-	assembly_only_unvalidated	no_read_evidence
EV_13b33c1ef227ed	seq25_1.0	train	R3	motif_substitution	477	480	27	GCC	GCT	1	S3:C>T	CCG	CCG	1.00000000	moderate	R3|27|motif_substitution|GCC|GCT	0-based_half-open	3	0	0	0	-	0	0.00000000	-	-	assembly_only_unvalidated	no_read_evidence
EV_9e157cb3597a26	seq25_1.0	train	R3	motif_substitution	483	486	33	GCC	GTG	2	S2:C>T;S3:C>G	CCG	CCG	0.99999998	moderate	R3|33|motif_substitution|GCC|GTG	0-based_half-open	3	0	0	0	-	0	0.00000000	-	-	assembly_only_unvalidated	no_read_evidence
EV_3cc395f58eed3f	seq25_1.0	train	R3	local_insertion	486	490	36	GCC	GAAC	4	INS:GAAC	-	CCG	0.99999990	moderate	R3|36|local_insertion|GCC|GAAC	0-based_half-open	3	0	0	0	-	0	0.00000000	-	-	assembly_only_unvalidated	no_read_evidence
EV_aaec3fe29a29cc	seq25_1.0	train	R3	motif_substitution	490	493	40	GCC	AGC	2	S1:G>A;S2:C>G	CCG	CCG	0.99999996	moderate	R3|40|motif_substitution|GCC|AGC	0-based_half-open	3	0	0	0	-	0	0.00000000	-	-	assembly_only_unvalidated	no_read_evidence
EV_67286d304e0b26	seq25_1.0	train	R3	motif_substitution	493	496	43	GCC	GCA	1	S3:C>A	CCG	CCG	0.99999996	moderate	R3|43|motif_substitution|GCC|GCA	0-based_half-open	3	0	0	0	-	0	0.00000000	-	-	assembly_only_unvalidated	no_read_evidence
EV_52856f0824b34c	seq25_1.0	train	R3	motif_substitution	499	502	49	GCC	GCT	1	S3:C>T	CCG	CCG	0.99999956	moderate	R3|49|motif_substitution|GCC|GCT	0-based_half-open	3	0	0	0	-	0	0.00000000	-	-	assembly_only_unvalidated	no_read_evidence
EV_bfb07994b4424c	seq25_1.0	train	R3	motif_substitution	502	505	52	GCC	TCG	2	S1:G>T;S3:C>G	CCG	CCG	0.99999863	moderate	R3|52|motif_substitution|GCC|TCG	0-based_half-open	3	0	0	0	-	0	0.00000000	-	-	assembly_only_unvalidated	no_read_evidence
EV_acfcce8697b8cb	seq26_1.0	train	R1	motif_substitution	258	261	0	GCG	GAG	1	S2:C>A	CCG	CCG	0.99987122	high	R1|0|motif_substitution|GCG|GAG	0-based_half-open	9	0	0	0	-	0	0.00000000	-	-	assembly_only_unvalidated	no_read_evidence
EV_a238b4dc5c277c	seq26_1.0	train	R1	motif_substitution	276	279	18	GCG	GCA	1	S3:G>A	CCG	CCG	1.00000000	high	R1|18|motif_substitution|GCG|GCA	0-based_half-open	27	0	0	0	-	0	0.00000000	-	-	assembly_only_unvalidated	no_read_evidence
EV_2a0aaae93f0b59	seq26_1.0	train	R1	motif_substitution	279	282	21	GCG	GCA	1	S3:G>A	CCG	CCG	1.00000000	high	R1|21|motif_substitution|GCG|GCA	0-based_half-open	8	0	0	0	-	0	0.00000000	-	-	assembly_only_unvalidated	no_read_evidence
EV_2f63ad65e7666c	seq26_1.0	train	R2	motif_substitution	306	309	0	CAG	CAA	1	S3:G>A	AGC	AGC	0.99999863	moderate	R2|0|motif_substitution|CAG|CAA	0-based_half-open	28	0	0	0	-	0	0.00000000	-	-	assembly_only_unvalidated	no_read_evidence
EV_ee74c73c7b418b	seq26_1.0	train	R2	motif_substitution	312	315	6	CAG	CAA	1	S3:G>A	AGC	AGC	0.99999995	moderate	R2|6|motif_substitution|CAG|CAA	0-based_half-open	28	0	0	0	-	0	0.00000000	-	-	assembly_only_unvalidated	no_read_evidence
EV_bbc2bd5602594d	seq26_1.0	train	R2	motif_substitution	318	321	12	CAG	CAA	1	S3:G>A	AGC	AGC	1.00000000	moderate	R2|12|motif_substitution|CAG|CAA	0-based_half-open	25	0	0	0	-	0	0.00000000	-	-	assembly_only_unvalidated	no_read_evidence
EV_b4303eee7ebe2e	seq26_1.0	train	R2	motif_substitution	369	372	63	CAG	CAA	1	S3:G>A	AGC	AGC	0.98008916	moderate	R2|63|motif_substitution|CAG|CAA	0-based_half-open	18	0	0	0	-	0	0.00000000	-	-	assembly_only_unvalidated	no_read_evidence
EV_79cc9674b867da	seq26_1.0	train	R2	motif_substitution	372	375	66	CAG	CAA	1	S3:G>A	AGC	AGC	0.93504773	moderate	R2|66|motif_substitution|CAG|CAA	0-based_half-open	11	0	0	0	-	0	0.00000000	-	-	assembly_only_unvalidated	no_read_evidence
EV_65a8788b845680	seq26_1.0	train	R3	motif_substitution	453	456	0	GCC	GCT	1	S3:C>T	CCG	CCG	0.62688573	moderate	R3|0|motif_substitution|GCC|GCT	0-based_half-open	28	0	0	0	-	0	0.00000000	-	-	assembly_only_unvalidated	no_read_evidence
EV_c385ce0f9db89b	seq26_1.0	train	R3	motif_substitution	483	486	30	GCC	GCT	1	S3:C>T	CCG	CCG	0.99999999	moderate	R3|30|motif_substitution|GCC|GCT	0-based_half-open	20	0	0	0	-	0	0.00000000	-	-	assembly_only_unvalidated	no_read_evidence
EV_b075038b314916	seq26_1.0	train	R3	motif_substitution	489	492	36	GCC	GTG	2	S2:C>T;S3:C>G	CCG	CCG	0.99999996	moderate	R3|36|motif_substitution|GCC|GTG	0-based_half-open	23	0	0	0	-	0	0.00000000	-	-	assembly_only_unvalidated	no_read_evidence
EV_444ecb529e0db8	seq26_1.0	train	R3	local_insertion	492	496	39	GCC	GAAC	4	INS:GAAC	-	CCG	0.99999980	moderate	R3|39|local_insertion|GCC|GAAC	0-based_half-open	23	0	0	0	-	0	0.00000000	-	-	assembly_only_unvalidated	no_read_evidence
EV_0d069f5b75c869	seq26_1.0	train	R3	motif_substitution	496	499	43	GCC	AGC	2	S1:G>A;S2:C>G	CCG	CCG	0.99999993	moderate	R3|43|motif_substitution|GCC|AGC	0-based_half-open	23	0	0	0	-	0	0.00000000	-	-	assembly_only_unvalidated	no_read_evidence
EV_9a7afb44bbd60f	seq26_1.0	train	R3	motif_substitution	499	502	46	GCC	GCA	1	S3:C>A	CCG	CCG	0.99999992	moderate	R3|46|motif_substitution|GCC|GCA	0-based_half-open	23	0	0	0	-	0	0.00000000	-	-	assembly_only_unvalidated	no_read_evidence
EV_7a639b56b02ddb	seq26_1.0	train	R3	motif_substitution	505	508	52	GCC	GCT	1	S3:C>T	CCG	CCG	0.99999941	moderate	R3|52|motif_substitution|GCC|GCT	0-based_half-open	23	0	0	0	-	0	0.00000000	-	-	assembly_only_unvalidated	no_read_evidence
EV_dd76e932873af5	seq26_1.0	train	R3	motif_substitution	508	511	55	GCC	TCG	2	S1:G>T;S3:C>G	CCG	CCG	0.99999836	moderate	R3|55|motif_substitution|GCC|TCG	0-based_half-open	23	0	0	0	-	0	0.00000000	-	-	assembly_only_unvalidated	no_read_evidence
